code,company,name,gender,age
-1.7307587142838112,-1.0825322507787112,1.1729921406312231,0.007334031729385389,-1.6900566489718758
-1.7281735631048958,-1.0825322507787112,-0.03854141872225731,0.007334031729385389,-0.44636986146691543
-1.7255884119259806,-1.0825322507787112,1.6985077657354037,-1.2211162829426774,0.4086648049427448
-1.7230032607470653,-1.0825322507787112,0.8934074730881123,-1.2211162829426774,-1.5345958005337557
-1.72041810956815,-1.0825322507787112,0.8519875223409847,-1.2211162829426774,0.09774310806650473
-1.7178329583892347,-1.0825322507787112,1.5354167096685891,1.2357843464014482,0.3309343807236848
-1.7152478072103192,-1.0825322507787112,-0.17056751172872633,0.007334031729385389,0.25320395650462474
-1.712662656031404,-1.0825322507787112,-0.4786283954104874,-1.2211162829426774,-1.6900566489718758
-1.7100775048524886,-1.0825322507787112,-0.3310698208738455,1.2357843464014482,-0.13544816459067532
-1.7074923536735733,-1.0825322507787112,-0.9187153720987175,1.2357843464014482,-0.6018307099050354
-1.7049072024946579,-1.0825322507787112,0.6578315032138244,0.007334031729385389,-0.5241002856859754
-1.7023220513157427,-1.0825322507787112,1.6027241296326713,-1.2211162829426774,1.4191603197905251
-1.6997369001368272,-1.0825322507787112,-0.9394253474722812,0.007334031729385389,0.7973169260380449
-1.697151748957912,-1.0825322507787112,-0.35436854316910477,1.2357843464014482,-0.5241002856859754
-1.6945665977789965,-1.0825322507787112,-0.12138132021651238,0.007334031729385389,-0.44636986146691543
-1.6919814466000813,-1.0825322507787112,-0.2585849070663723,-1.2211162829426774,1.030508198695225
-1.6893962954211659,-1.0825322507787112,1.261009535968869,-1.2211162829426774,0.3309343807236848
-1.6868111442422506,-1.0825322507787112,1.584602901180803,1.2357843464014482,-1.3791349520956357
-1.6842259930633354,-1.0825322507787112,1.4008018697404245,1.2357843464014482,1.7300820166667652
-1.68164084188442,-1.0825322507787112,-0.1291475609815988,0.007334031729385389,-1.6123262247528156
-1.6790556907055048,-1.0825322507787112,1.193702116004787,-1.2211162829426774,1.7300820166667652
-1.6764705395265893,-1.0825322507787112,0.04688722969369324,-1.2211162829426774,1.030508198695225
-1.673885388347674,-1.0825322507787112,0.6966627070392565,-1.2211162829426774,0.6418560775999249
-1.6713002371687586,-1.0825322507787112,0.292818187254763,0.007334031729385389,-0.6018307099050354
-1.6687150859898434,-1.0825322507787112,-1.3044386634313427,0.007334031729385389,1.341429895571465
-1.666129934810928,-1.0825322507787112,-0.7064381245196888,-1.2211162829426774,1.652351592447705
-1.6635447836320127,-1.0825322507787112,1.711451500343881,-1.2211162829426774,0.48639522916180483
-1.6609596324530973,-1.0825322507787112,1.2558320421254783,0.007334031729385389,1.496890744009585
-1.658374481274182,-1.0825322507787112,-1.498594682558503,-1.2211162829426774,0.25320395650462474
-1.6557893300952666,-1.0825322507787112,0.3523593664537588,-1.2211162829426774,-0.6018307099050354
-1.6532041789163514,-1.0825322507787112,-1.6772182201554904,-1.2211162829426774,1.263699471352405
-1.6506190277374362,-1.0825322507787112,-1.1387588604428325,1.2357843464014482,-0.21317858880973536
-1.6480338765585207,-1.0825322507787112,1.638966586536408,0.007334031729385389,0.09774310806650473
-1.6454487253796055,-1.0825322507787112,-0.36731227777758213,-1.2211162829426774,1.030508198695225
-1.64286357420069,-1.0825322507787112,-1.5555471148358033,-1.2211162829426774,-1.6900566489718758
-1.6402784230217748,-1.0825322507787112,-0.4061434816030142,1.2357843464014482,-0.6795611341240955
-1.6376932718428594,-1.0825322507787112,-1.5400146333056306,1.2357843464014482,1.030508198695225
-1.6351081206639442,-1.0825322507787112,-0.8928279028817627,1.2357843464014482,-1.2236741036575156
-1.6325229694850287,-1.0825322507787112,0.7717363677684251,-1.2211162829426774,0.3309343807236848
-1.6299378183061135,-1.0825322507787112,-1.3924560587689887,-1.2211162829426774,0.4086648049427448
-1.627352667127198,-1.0825322507787112,-1.2863174349794744,1.2357843464014482,-0.05771774037161531
-1.6247675159482828,-1.0825322507787112,1.2092345975349597,-1.2211162829426774,1.496890744009585
-1.6221823647693674,-1.0825322507787112,1.0668535168417088,0.007334031729385389,1.4191603197905251
-1.6195972135904522,-1.0825322507787112,0.40154555796597274,-1.2211162829426774,-1.4568653763146957
-1.617012062411537,-1.0825322507787112,-0.9808452982194088,0.007334031729385389,-1.6900566489718758
-1.6144269112326215,-1.0825322507787112,0.45849799024327315,-1.2211162829426774,0.8750473502571049
-1.6118417600537063,-1.0825322507787112,-1.3821010710822068,0.007334031729385389,-0.05771774037161531
-1.6092566088747908,-1.0825322507787112,0.17114708193507586,0.007334031729385389,-1.1459436794384557
-1.6066714576958756,-1.0825322507787112,-1.0766289343221411,0.007334031729385389,0.25320395650462474
-1.6040863065169602,-1.0825322507787112,-1.190533798876742,0.007334031729385389,0.952777774476165
-1.601501155338045,-1.0825322507787112,0.7458488985514704,-1.2211162829426774,1.030508198695225
-1.5989160041591295,-1.0825322507787112,-0.2093987155541584,-1.2211162829426774,-0.29090901302879535
-1.5963308529802143,-1.0825322507787112,-0.0074764556619116565,-1.2211162829426774,0.952777774476165
-1.5937457018012988,-1.0825322507787112,-1.268196206527606,-1.2211162829426774,-1.5345958005337557
-1.5911605506223836,-1.0825322507787112,-0.8073992544658122,-1.2211162829426774,-1.6900566489718758
-1.5885753994434682,-1.0825322507787112,-0.3440135554823229,1.2357843464014482,-0.3686394372478554
-1.585990248264553,-1.0825322507787112,0.336826884923586,1.2357843464014482,-0.29090901302879535
-1.5834050970856375,-1.0825322507787112,-0.7996330137007258,-1.2211162829426774,-0.8350219825622155
-1.5808199459067223,-1.0825322507787112,-0.6365419576339111,0.007334031729385389,-0.44636986146691543
-1.578234794727807,-1.0825322507787112,0.08830718044082077,1.2357843464014482,-1.0682132552193955
-1.5756496435488916,-1.0825322507787112,-0.5562908030613515,0.007334031729385389,0.3309343807236848
-1.5730644923699764,-1.0825322507787112,1.364559412836688,-1.2211162829426774,1.4191603197905251
-1.570479341191061,-1.0825322507787112,-0.9446028413156722,1.2357843464014482,-0.8350219825622155
-1.5678941900121457,-1.0825322507787112,1.0539097822332315,0.007334031729385389,-1.6123262247528156
-1.5653090388332302,-1.0825322507787112,-1.5503696209924125,-1.2211162829426774,-0.13544816459067532
-1.562723887654315,-1.0825322507787112,-1.1620575827380917,1.2357843464014482,0.6418560775999249
-1.5601387364753996,-1.0825322507787112,0.36789184798393165,1.2357843464014482,0.7195865018189849
-1.5575535852964844,-1.0825322507787112,0.650065262448738,-1.2211162829426774,-0.13544816459067532
-1.554968434117569,-1.0825322507787112,0.380835582592409,-1.2211162829426774,1.496890744009585
-1.5523832829386537,-1.0825322507787112,0.8752862446362439,1.2357843464014482,-1.6123262247528156
-1.5497981317597382,-1.0825322507787112,-1.2034775334852192,0.007334031729385389,1.1082386229142849
-1.547212980580823,-1.0825322507787112,1.6182566111628442,1.2357843464014482,0.48639522916180483
-1.5446278294019078,-1.0825322507787112,0.9037624607748942,1.2357843464014482,-1.6123262247528156
-1.5420426782229923,-1.0825322507787112,0.644887768605347,-1.2211162829426774,0.25320395650462474
-1.5394575270440771,-1.0825322507787112,-0.2611736539880678,1.2357843464014482,-1.4568653763146957
-1.5368723758651617,-1.0825322507787112,1.1263946960407047,0.007334031729385389,1.7300820166667652
-1.5342872246862465,-1.0825322507787112,-0.8747066744298945,1.2357843464014482,1.7300820166667652
-1.531702073507331,-1.0825322507787112,-0.41908721621149153,-1.2211162829426774,1.1082386229142849
-1.5291169223284158,-1.0825322507787112,-1.0636851997136638,1.2357843464014482,-0.9127524067812756
-1.5265317711495003,-1.0825322507787112,0.44814300255649125,-1.2211162829426774,1.7300820166667652
-1.5239466199705851,-1.0825322507787112,-0.7193818591281662,-1.2211162829426774,0.17547353228556475
-1.5213614687916697,-1.0825322507787112,-1.5633133556008898,-1.2211162829426774,-1.6900566489718758
-1.5187763176127544,-1.0825322507787112,0.6190002993883923,0.007334031729385389,1.341429895571465
-1.516191166433839,-1.0825322507787112,-0.6080657414952609,1.2357843464014482,0.6418560775999249
-1.5136060152549238,-1.0825322507787112,-0.025597684113779953,1.2357843464014482,0.48639522916180483
-1.5110208640760086,-1.0825322507787112,0.9141174484616761,0.007334031729385389,-0.29090901302879535
-1.508435712897093,-1.0825322507787112,-1.4675297194981574,-1.2211162829426774,-0.9904828310003355
-1.5058505617181779,-1.0825322507787112,0.4843854594602278,-1.2211162829426774,-0.9904828310003355
-1.5032654105392624,-1.0825322507787112,-0.5537020561396561,1.2357843464014482,-1.6900566489718758
-1.5006802593603472,-1.0825322507787112,-0.8643516867431126,-1.2211162829426774,-1.1459436794384557
-1.4980951081814318,-1.0825322507787112,0.005467278946565698,1.2357843464014482,-0.29090901302879535
-1.4955099570025165,-1.0825322507787112,-1.136170113521137,0.007334031729385389,-1.6900566489718758
-1.492924805823601,-1.0825322507787112,-0.8358754706044624,-1.2211162829426774,0.020012683847444705
-1.4903396546446859,-1.0825322507787112,0.7665588739250342,1.2357843464014482,-0.8350219825622155
-1.4877545034657704,-1.0825322507787112,-1.0688626935570549,1.2357843464014482,0.3309343807236848
-1.4851693522868552,-1.0825322507787112,0.968481133817281,1.2357843464014482,-1.6900566489718758
-1.4825842011079398,-1.0825322507787112,0.562047867111092,-1.2211162829426774,-0.21317858880973536
-1.4799990499290245,-1.0825322507787112,-0.8798841682732854,1.2357843464014482,0.3309343807236848
-1.477413898750109,-1.0825322507787112,0.4869742063819233,-1.2211162829426774,-1.5345958005337557
-1.4748287475711939,-1.0825322507787112,0.3963680641225818,1.2357843464014482,-0.13544816459067532
-1.4722435963922786,-1.0825322507787112,-1.2889061819011698,-1.2211162829426774,-0.5241002856859754
-1.4696584452133632,-1.0825322507787112,-0.3103598455002818,0.007334031729385389,1.263699471352405
-1.467073294034448,-1.0825322507787112,-0.3880222531511459,0.007334031729385389,0.020012683847444705
-1.4644881428555325,-1.0825322507787112,0.03394349508521588,-1.2211162829426774,-0.29090901302879535
-1.4619029916766173,-1.0825322507787112,1.3412606905414288,0.007334031729385389,-0.8350219825622155
-1.4593178404977019,-1.0825322507787112,1.0280223130162767,0.007334031729385389,-0.9127524067812756
-1.4567326893187866,-1.0825322507787112,1.4888192650780705,1.2357843464014482,-1.2236741036575156
-1.4541475381398712,-1.0825322507787112,0.34718187261036787,-1.2211162829426774,0.25320395650462474
-1.451562386960956,-1.0825322507787112,-1.439053503359507,-1.2211162829426774,1.185969047133345
-1.4489772357820405,-1.0825322507787112,0.4714417248517505,-1.2211162829426774,-1.4568653763146957
-1.4463920846031253,-1.0825322507787112,-0.5770007784349153,1.2357843464014482,0.8750473502571049
-1.4438069334242098,-1.0825322507787112,1.37491440052347,-1.2211162829426774,1.574621168228645
-1.4412217822452946,-1.0825322507787112,0.6655977439789108,0.007334031729385389,0.7973169260380449
-1.4386366310663794,-1.0825322507787112,1.0202560722511904,1.2357843464014482,-0.3686394372478554
-1.436051479887464,-1.0825322507787112,1.6130791173194532,0.007334031729385389,0.3309343807236848
-1.4334663287085487,-1.0825322507787112,0.5206279163639644,1.2357843464014482,0.4086648049427448
-1.4308811775296333,-1.0825322507787112,1.286897005185824,0.007334031729385389,1.263699471352405
-1.428296026350718,-1.0825322507787112,0.6293552870751742,1.2357843464014482,-0.3686394372478554
-1.4257108751718026,-1.0825322507787112,0.4636754840866641,-1.2211162829426774,0.17547353228556475
-1.4231257239928874,-1.0825322507787112,0.06241971122386606,0.007334031729385389,-0.3686394372478554
-1.420540572813972,-1.0825322507787112,1.0720310106850999,1.2357843464014482,-0.13544816459067532
-1.4179554216350567,-1.0825322507787112,0.1840908165435532,0.007334031729385389,0.8750473502571049
-1.4153702704561413,-1.0825322507787112,1.2687757767339556,1.2357843464014482,1.030508198695225
-1.412785119277226,-1.0825322507787112,0.9503599053654126,0.007334031729385389,1.341429895571465
-1.4101999680983106,-1.0825322507787112,0.9451824115220216,-1.2211162829426774,0.8750473502571049
-1.4076148169193954,-1.0825322507787112,0.5309829040507463,0.007334031729385389,1.4191603197905251
-1.40502966574048,-1.0825322507787112,-0.6391307045556066,1.2357843464014482,0.3309343807236848
-1.4024445145615647,-1.0825322507787112,0.00028978510317475637,1.2357843464014482,0.3309343807236848
-1.3998593633826495,-1.0825322507787112,-1.6616857386253177,0.007334031729385389,1.185969047133345
-1.397274212203734,-1.0825322507787112,-1.5684908494442806,-1.2211162829426774,0.5641256533808648
-1.3946890610248188,-1.0825322507787112,1.1289834429624002,-1.2211162829426774,1.7300820166667652
-1.3921039098459034,-1.0825322507787112,1.4215118451139883,-1.2211162829426774,-1.3791349520956357
-1.3895187586669882,-1.0825322507787112,0.5698141078761784,1.2357843464014482,0.4086648049427448
-1.3869336074880727,-1.0825322507787112,0.4351992679480139,-1.2211162829426774,-1.1459436794384557
-1.3843484563091575,-1.0825322507787112,-1.5115384171669803,0.007334031729385389,0.8750473502571049
-1.381763305130242,-1.0825322507787112,-0.23269743784941763,-1.2211162829426774,0.17547353228556475
-1.3791781539513268,-1.0825322507787112,1.1911133690830915,-1.2211162829426774,0.7973169260380449
-1.3765930027724114,-1.0825322507787112,-1.31738239803982,1.2357843464014482,1.341429895571465
-1.3740078515934961,-1.0825322507787112,0.11419464965777548,-1.2211162829426774,-1.2236741036575156
-1.3714227004145807,-1.0825322507787112,-0.9627240697675404,1.2357843464014482,-0.9127524067812756
-1.3688375492356655,-1.0825322507787112,0.3031731749415449,-1.2211162829426774,1.7300820166667652
-1.3662523980567503,-1.0825322507787112,0.7303164170212976,1.2357843464014482,-0.29090901302879535
-1.3636672468778348,-1.0825322507787112,1.0228448191728858,0.007334031729385389,-0.29090901302879535
-1.3610820956989196,-1.0825322507787112,0.3445931256886724,-1.2211162829426774,-0.44636986146691543
-1.3584969445200041,-1.0825322507787112,1.2014683567698734,-1.2211162829426774,0.7973169260380449
-1.355911793341089,-1.0825322507787112,1.2118233444566553,-1.2211162829426774,-0.9904828310003355
-1.3533266421621735,-1.0825322507787112,1.178169634474614,0.007334031729385389,1.7300820166667652
-1.3507414909832582,-1.0825322507787112,0.831277546967421,1.2357843464014482,0.952777774476165
-1.3481563398043428,-1.0825322507787112,0.5439266386592236,0.007334031729385389,1.1082386229142849
-1.3455711886254276,-1.0825322507787112,0.5801690955629603,-1.2211162829426774,-0.44636986146691543
-1.3429860374465121,-1.0825322507787112,-1.234542496545565,1.2357843464014482,-0.29090901302879535
-1.340400886267597,-1.0825322507787112,-0.7375030875800345,1.2357843464014482,-0.21317858880973536
-1.3378157350886815,-1.0825322507787112,-0.7219706060498616,-1.2211162829426774,-0.05771774037161531
-1.3352305839097662,-1.0825322507787112,1.501762999686548,-1.2211162829426774,1.7300820166667652
-1.332645432730851,-1.0825322507787112,1.0099010845644085,0.007334031729385389,0.25320395650462474
-1.3300602815519356,-1.0825322507787112,0.6241777932317832,1.2357843464014482,-1.3014045278765756
-1.3274751303730203,-1.0825322507787112,1.2661870298122602,-1.2211162829426774,0.7973169260380449
-1.324889979194105,-1.0825322507787112,1.2402995605953053,1.2357843464014482,-0.05771774037161531
-1.3223048280151897,-1.0825322507787112,-1.4338760095161163,0.007334031729385389,0.7195865018189849
-1.3197196768362742,-1.0825322507787112,-0.33883606163893193,0.007334031729385389,-1.3014045278765756
-1.317134525657359,-1.0825322507787112,0.013233519711652111,1.2357843464014482,0.020012683847444705
-1.3145493744784436,-1.0825322507787112,-1.7160494239809225,0.007334031729385389,1.496890744009585
-1.3119642232995283,-1.0825322507787112,-0.4113209754464051,-1.2211162829426774,-1.6900566489718758
-1.3093790721206129,-1.0825322507787112,-0.8850616621166764,0.007334031729385389,1.263699471352405
-1.3067939209416977,-1.0825322507787112,1.545771697355371,0.007334031729385389,-0.6018307099050354
-1.3042087697627822,-1.0825322507787112,-1.1568800888947008,1.2357843464014482,1.496890744009585
-1.301623618583867,-1.0825322507787112,-1.371746083395425,1.2357843464014482,1.7300820166667652
-1.2990384674049515,-1.0825322507787112,1.1186284552756183,0.007334031729385389,1.7300820166667652
-1.2964533162260363,-1.0825322507787112,0.43002177410462294,-1.2211162829426774,0.7973169260380449
-1.293868165047121,-1.0825322507787112,1.6622653088316672,1.2357843464014482,0.952777774476165
-1.2912830138682057,-1.0825322507787112,-1.1827675581116555,1.2357843464014482,-0.5241002856859754
-1.2886978626892904,-1.0825322507787112,1.6079016234760624,0.007334031729385389,0.48639522916180483
-1.286112711510375,-1.0825322507787112,-0.6779619083810386,1.2357843464014482,0.09774310806650473
-1.2835275603314598,-1.0825322507787112,-0.8772954213515899,0.007334031729385389,0.48639522916180483
-1.2809424091525443,-1.0825322507787112,-1.1439363542862235,1.2357843464014482,1.263699471352405
-1.278357257973629,-1.0825322507787112,-0.8203429890742896,-1.2211162829426774,0.4086648049427448
-1.2757721067947136,-1.0825322507787112,-0.6158319822603473,-1.2211162829426774,-0.8350219825622155
-1.2731869556157984,-1.0825322507787112,-1.3510361080218611,0.007334031729385389,0.952777774476165
-1.270601804436883,-1.0825322507787112,-1.3795123241605114,0.007334031729385389,-0.5241002856859754
-1.2680166532579678,-1.0825322507787112,-0.6986718837546024,-1.2211162829426774,0.952777774476165
-1.2654315020790523,-1.0825322507787112,1.682975284205231,0.007334031729385389,-1.2236741036575156
-1.262846350900137,-1.0825322507787112,-0.44497468542844626,1.2357843464014482,-1.5345958005337557
-1.2602611997212219,-1.0825322507787112,-0.8539966990563307,0.007334031729385389,-1.0682132552193955
-1.2576760485423064,-1.0825322507787112,-0.9238928659421084,0.007334031729385389,-0.05771774037161531
-1.2550908973633912,-1.0825322507787112,1.144515924492573,0.007334031729385389,1.341429895571465
-1.2525057461844757,-1.0825322507787112,1.1082734675888364,0.007334031729385389,0.8750473502571049
-1.2499205950055605,-1.0825322507787112,-0.8177542421525941,-1.2211162829426774,1.030508198695225
-1.247335443826645,-1.0825322507787112,0.6630089970572154,0.007334031729385389,1.263699471352405
-1.2447502926477299,-1.0825322507787112,-0.8410529644478534,0.007334031729385389,-1.4568653763146957
-1.2421651414688144,-1.0825322507787112,0.8235113062023346,0.007334031729385389,-0.9127524067812756
-1.2395799902898992,-1.0825322507787112,-0.33624731471723646,1.2357843464014482,1.341429895571465
-1.2369948391109837,-1.0825322507787112,-1.7005169424507498,1.2357843464014482,-0.6018307099050354
-1.2344096879320685,-1.0825322507787112,-0.05148515333073467,0.007334031729385389,-0.13544816459067532
-1.231824536753153,-1.0825322507787112,-0.04630765948734372,0.007334031729385389,1.496890744009585
-1.2292393855742378,-1.0825322507787112,1.6544990680665808,0.007334031729385389,-0.44636986146691543
-1.2266542343953226,-1.0825322507787112,1.0306110599379723,0.007334031729385389,-0.29090901302879535
-1.2240690832164072,-1.0825322507787112,0.8468100284975938,-1.2211162829426774,1.263699471352405
-1.221483932037492,-1.0825322507787112,1.1367496837274866,0.007334031729385389,-1.5345958005337557
-1.2188987808585765,-1.0825322507787112,0.11160590273608001,1.2357843464014482,-0.13544816459067532
-1.2163136296796613,-1.0825322507787112,-1.175001317346569,1.2357843464014482,0.48639522916180483
-1.2137284785007458,-1.0825322507787112,1.4111568574272064,1.2357843464014482,-1.0682132552193955
-1.2111433273218306,-1.0825322507787112,-0.6805506553027342,0.007334031729385389,-0.13544816459067532
-1.2085581761429152,-1.0825322507787112,-1.1258151258343552,0.007334031729385389,-0.6795611341240955
-1.205973024964,-1.0825322507787112,-0.5329920807660923,0.007334031729385389,0.25320395650462474
-1.2033878737850845,-1.0825322507787112,-0.7582130629535982,1.2357843464014482,-0.9904828310003355
-1.2008027226061693,-1.0825322507787112,0.13490462503133924,1.2357843464014482,-1.4568653763146957
-1.1982175714272538,-1.0825322507787112,0.34977061953206334,-1.2211162829426774,-0.7572915583431555
-1.1956324202483386,-1.0825322507787112,0.5542816263460055,-1.2211162829426774,-0.7572915583431555
-1.1930472690694232,-1.0825322507787112,-0.5019271177057466,-1.2211162829426774,-0.44636986146691543
-1.190462117890508,-1.0825322507787112,-0.6857281491461251,0.007334031729385389,0.6418560775999249
-1.1878769667115927,-1.0825322507787112,-0.17574500557211728,1.2357843464014482,0.952777774476165
-1.1852918155326773,-1.0825322507787112,-0.1550350301985535,-1.2211162829426774,1.1082386229142849
-1.182706664353762,-1.0825322507787112,-0.9756678043760179,0.007334031729385389,-0.6795611341240955
-1.1801215131748466,-1.0825322507787112,0.8985849669315032,-1.2211162829426774,0.09774310806650473
-1.1775363619959314,-1.0825322507787112,-1.4261097687510298,-1.2211162829426774,1.496890744009585
-1.174951210817016,-1.0825322507787112,-0.2792948824399361,1.2357843464014482,-0.9904828310003355
-1.1723660596381007,-1.0825322507787112,1.4810530243129842,1.2357843464014482,-0.8350219825622155
-1.1697809084591853,-1.0825322507787112,0.44037676179140484,1.2357843464014482,0.7973169260380449
-1.16719575728027,-1.0825322507787112,0.5957015770931331,-1.2211162829426774,1.341429895571465
-1.1646106061013546,-1.0825322507787112,-0.9005941436468492,1.2357843464014482,1.263699471352405
-1.1620254549224394,-1.0825322507787112,-0.1990437278673765,1.2357843464014482,0.3309343807236848
-1.159440303743524,-1.0825322507787112,1.1885246221613959,-1.2211162829426774,1.185969047133345
-1.1568551525646087,-1.0825322507787112,0.19703455115203056,-1.2211162829426774,-1.6900566489718758
-1.1542700013856935,-1.0825322507787112,-0.5045158646274421,-1.2211162829426774,-0.5241002856859754
-1.151684850206778,-1.0825322507787112,0.4067230518093637,-1.2211162829426774,1.7300820166667652
-1.1490996990278628,-1.0825322507787112,-1.2656074596059106,1.2357843464014482,-0.6018307099050354
-1.1465145478489474,-1.0825322507787112,-0.18609999325889917,-1.2211162829426774,-1.0682132552193955
-1.1439293966700321,-1.0825322507787112,1.2299445729085234,1.2357843464014482,0.09774310806650473
-1.1413442454911167,-1.0825322507787112,1.0797972514501861,0.007334031729385389,-1.0682132552193955
-1.1387590943122015,-1.0825322507787112,-1.7289931585893998,1.2357843464014482,0.6418560775999249
-1.136173943133286,-1.0825322507787112,0.864931256949462,-1.2211162829426774,-0.6018307099050354
-1.1335887919543708,-1.0825322507787112,1.1548709121793548,0.007334031729385389,0.5641256533808648
-1.1310036407754553,-1.0825322507787112,0.32906064415849956,-1.2211162829426774,-1.0682132552193955
-1.1284184895965401,-1.0825322507787112,-1.5451921271490214,-1.2211162829426774,1.574621168228645
-1.1258333384176247,-1.0825322507787112,-1.5037721764018939,-1.2211162829426774,0.17547353228556475
-1.1232481872387095,-1.0825322507787112,-1.3769235772388158,-1.2211162829426774,0.48639522916180483
-1.120663036059794,-1.0825322507787112,-0.3077710985785863,1.2357843464014482,0.25320395650462474
-1.1180778848808788,-1.0825322507787112,1.3826806412885564,-1.2211162829426774,0.3309343807236848
-1.1154927337019636,-1.0825322507787112,-1.2112437742503057,0.007334031729385389,-0.3686394372478554
-1.1129075825230481,-1.0825322507787112,0.0494759766153887,-1.2211162829426774,0.6418560775999249
-1.1103224313441329,-1.0825322507787112,-0.597710753808479,1.2357843464014482,-0.7572915583431555
-1.1077372801652174,-1.0825322507787112,1.320550715167865,-1.2211162829426774,1.574621168228645
-1.1051521289863022,-1.0825322507787112,0.9762473745823673,0.007334031729385389,1.030508198695225
-1.1025669778073868,-1.0825322507787112,-0.245641172457895,1.2357843464014482,0.17547353228556475
-1.0999818266284715,-1.0825322507787112,0.8442212815758983,-1.2211162829426774,0.17547353228556475
-1.097396675449556,-1.0825322507787112,-0.3258923270304546,-1.2211162829426774,-0.21317858880973536
-1.0948115242706409,-1.0825322507787112,-0.7892780260139439,-1.2211162829426774,-0.7572915583431555
-1.0922263730917254,-1.0825322507787112,0.03912098892860682,1.2357843464014482,-1.3791349520956357
-1.0896412219128102,-1.0825322507787112,0.738082657786384,-1.2211162829426774,0.48639522916180483
-1.0870560707338948,-1.0825322507787112,-0.5122821053925285,0.007334031729385389,-1.3014045278765756
-1.0844709195549795,-1.0825322507787112,-0.23010869092772215,0.007334031729385389,-0.3686394372478554
-1.0818857683760643,-1.0825322507787112,1.4991742527648524,0.007334031729385389,-1.3791349520956357
-1.0793006171971489,-1.0825322507787112,0.067597205067257,1.2357843464014482,0.3309343807236848
-1.0767154660182336,-1.0825322507787112,-1.4571747318113755,-1.2211162829426774,-0.13544816459067532
-1.0741303148393182,-1.0825322507787112,-0.8125767483092031,1.2357843464014482,0.09774310806650473
-1.071545163660403,-1.0825322507787112,-1.4856509479500257,0.007334031729385389,-0.9127524067812756
-1.0689600124814875,-1.0825322507787112,1.0073123376427129,1.2357843464014482,0.6418560775999249
-1.0663748613025723,-1.0825322507787112,-1.2552524719191287,-1.2211162829426774,-0.29090901302879535
-1.0637897101236569,-1.0825322507787112,1.623434105006235,0.007334031729385389,-0.6018307099050354
-1.0612045589447416,-1.0825322507787112,-0.40355473468131875,1.2357843464014482,0.48639522916180483
-1.0586194077658262,-1.0825322507787112,1.5690704196506302,1.2357843464014482,0.6418560775999249
-1.056034256586911,-1.0825322507787112,-1.415754781064248,1.2357843464014482,0.5641256533808648
-1.0534491054079955,-1.0825322507787112,0.9607148930521945,0.007334031729385389,-0.7572915583431555
-1.0508639542290803,-1.0825322507787112,-0.10584883868633956,1.2357843464014482,-0.6795611341240955
-1.048278803050165,-1.0825322507787112,0.9374161707569353,0.007334031729385389,-0.21317858880973536
-1.0456936518712496,-1.0825322507787112,0.8597537631060711,-1.2211162829426774,-0.9904828310003355
-1.0431085006923344,-1.0825322507787112,0.2280995142123762,0.007334031729385389,0.17547353228556475
-1.040523349513419,-1.0825322507787112,0.8545762692626802,-1.2211162829426774,-0.21317858880973536
-1.0379381983345037,-1.0825322507787112,-0.38543350622945044,1.2357843464014482,0.3309343807236848
-1.0353530471555883,-1.0825322507787112,1.2066458506132642,1.2357843464014482,0.48639522916180483
-1.032767895976673,-1.0825322507787112,-0.7737455444837711,0.007334031729385389,0.6418560775999249
-1.0301827447977576,-1.0825322507787112,1.2532432952037826,0.007334031729385389,1.574621168228645
-1.0275975936188424,-1.0825322507787112,-0.520048346157615,-1.2211162829426774,1.030508198695225
-1.025012442439927,-1.0825322507787112,-0.11620382637312145,0.007334031729385389,0.7195865018189849
-1.0224272912610117,-1.0825322507787112,-1.6694519793904041,0.007334031729385389,1.4191603197905251
-1.0198421400820963,-1.0825322507787112,-1.635798269408363,1.2357843464014482,1.341429895571465
-1.017256988903181,-1.0825322507787112,-1.5607246086791944,1.2357843464014482,-1.3014045278765756
-1.0146718377242656,-1.0825322507787112,-0.558879549983047,1.2357843464014482,1.574621168228645
-1.0120866865453504,-1.0825322507787112,1.6959190188137083,0.007334031729385389,-0.5241002856859754
-1.0095015353664352,-1.0825322507787112,0.7121951885694293,-1.2211162829426774,0.48639522916180483
-1.0069163841875197,-1.0825322507787112,1.3360831966980378,0.007334031729385389,-1.3014045278765756
-1.0043312330086045,-1.0825322507787112,-1.1232263789126598,1.2357843464014482,-1.0682132552193955
-1.001746081829689,-1.0825322507787112,1.3024294867159967,1.2357843464014482,-0.5241002856859754
-0.9991609306507737,-1.0825322507787112,-1.4623522256547663,-1.2211162829426774,-0.05771774037161531
-0.9965757794718584,-1.0825322507787112,-1.7056944362941406,0.007334031729385389,-0.8350219825622155
-0.9939906282929432,-1.0825322507787112,-1.4597634787330709,1.2357843464014482,-0.7572915583431555
-0.9914054771140278,-1.0825322507787112,-0.6960831368329069,-1.2211162829426774,0.020012683847444705
-0.9888203259351125,-1.0825322507787112,-1.3691573364737295,1.2357843464014482,-0.29090901302879535
-0.9862351747561972,-1.0825322507787112,-1.312204904196429,1.2357843464014482,-1.5345958005337557
-0.9836500235772818,-1.0825322507787112,-0.6261869699471292,-1.2211162829426774,-0.6795611341240955
-0.9810648723983665,-1.0825322507787112,0.20997828576050792,1.2357843464014482,0.020012683847444705
-0.9784797212194511,-1.0825322507787112,0.23068826113407168,0.007334031729385389,-0.5241002856859754
-0.9758945700405358,-1.0825322507787112,1.4266893389573794,1.2357843464014482,-0.5241002856859754
-0.9733094188616205,-1.0825322507787112,-0.21716495631924482,1.2357843464014482,0.952777774476165
-0.9707242676827051,-1.0825322507787112,-0.9264816128638039,-1.2211162829426774,-1.6123262247528156
-0.9681391165037898,-1.0825322507787112,-0.20422122171076745,-1.2211162829426774,1.341429895571465
-0.9655539653248745,-1.0825322507787112,-0.30259360473519537,1.2357843464014482,-1.1459436794384557
-0.9629688141459591,-1.0825322507787112,0.26951946495950374,1.2357843464014482,0.48639522916180483
-0.9603836629670438,-1.0825322507787112,-0.5278145869227013,0.007334031729385389,-1.0682132552193955
-0.9577985117881286,-1.0825322507787112,1.0823859983718815,1.2357843464014482,-1.1459436794384557
-0.9552133606092132,-1.0825322507787112,0.7225501762562112,1.2357843464014482,-1.3791349520956357
-0.9526282094302979,-1.0825322507787112,1.496585505843157,1.2357843464014482,1.185969047133345
-0.9500430582513826,-1.0825322507787112,-1.5296596456188487,-1.2211162829426774,-0.05771774037161531
-0.9474579070724672,-1.0825322507787112,1.0254335660945813,0.007334031729385389,1.030508198695225
-0.9448727558935519,-1.0825322507787112,-0.2974161108918044,0.007334031729385389,-0.8350219825622155
-0.9422876047146366,-1.0825322507787112,1.2454770544386964,-1.2211162829426774,0.5641256533808648
-0.9397024535357212,-1.0825322507787112,-0.9912002859061907,1.2357843464014482,0.020012683847444705
-0.9371173023568059,-1.0825322507787112,1.0875634922152726,0.007334031729385389,1.263699471352405
-0.9345321511778906,-1.0825322507787112,-0.8151654952308987,-1.2211162829426774,-1.2236741036575156
-0.9319469999989752,-1.0825322507787112,-0.9420140943939767,0.007334031729385389,-0.7572915583431555
-0.9293618488200599,-1.0825322507787112,0.03135474816352041,1.2357843464014482,-0.8350219825622155
-0.9267766976411446,-1.0825322507787112,1.2195895852217415,1.2357843464014482,-0.9904828310003355
-0.9241915464622293,-1.0825322507787112,1.5535379381204575,0.007334031729385389,-0.21317858880973536
-0.921606395283314,-1.0825322507787112,0.028766001241824938,-1.2211162829426774,-1.5345958005337557
-0.9190212441043987,-1.0825322507787112,0.6112340586233059,0.007334031729385389,0.5641256533808648
-0.9164360929254833,-1.0825322507787112,-1.6590969917036222,1.2357843464014482,1.4191603197905251
-0.913850941746568,-1.0825322507787112,-1.1775900642682646,-1.2211162829426774,1.652351592447705
-0.9112657905676527,-1.0825322507787112,-1.7108719301375317,0.007334031729385389,0.8750473502571049
-0.9086806393887373,-1.0825322507787112,-0.43461969774166437,1.2357843464014482,0.5641256533808648
-0.906095488209822,-1.0825322507787112,-1.5141271640886758,0.007334031729385389,-1.1459436794384557
-0.9035103370309067,-1.0825322507787112,0.9969573499559311,0.007334031729385389,-0.7572915583431555
-0.9009251858519913,-1.0825322507787112,-0.333658567795541,1.2357843464014482,1.1082386229142849
-0.898340034673076,-1.0825322507787112,1.6104903703977578,0.007334031729385389,1.030508198695225
-0.8957548834941607,-1.0825322507787112,-0.2352861847711131,-1.2211162829426774,0.7973169260380449
-0.8931697323152453,-1.0825322507787112,1.10050722682375,1.2357843464014482,0.4086648049427448
-0.89058458113633,-1.0825322507787112,-1.1517025950513098,1.2357843464014482,-1.4568653763146957
-0.8879994299574148,-1.0825322507787112,0.48179671253853235,-1.2211162829426774,1.574621168228645
-0.8854142787784994,-1.0825322507787112,1.5638929258072392,-1.2211162829426774,-0.8350219825622155
-0.8828291275995841,-1.0825322507787112,1.5224729750601118,-1.2211162829426774,0.7973169260380449
-0.8802439764206688,-1.0825322507787112,-1.6254432817215811,-1.2211162829426774,0.25320395650462474
-0.8776588252417534,-1.0825322507787112,1.1108622145105318,1.2357843464014482,1.1082386229142849
-0.8750736740628381,-1.0825322507787112,-0.74009183450173,0.007334031729385389,-0.13544816459067532
-0.8724885228839228,-1.0825322507787112,-0.11361507945142597,1.2357843464014482,-0.3686394372478554
-0.8699033717050074,-1.0825322507787112,-0.42685345697657795,1.2357843464014482,-0.9904828310003355
-0.8673182205260921,-1.0825322507787112,0.7277276700996022,0.007334031729385389,0.17547353228556475
-0.8647330693471768,-1.0825322507787112,0.2384545018991581,1.2357843464014482,-0.6795611341240955
-0.8621479181682614,-1.0825322507787112,-0.7556243160319028,-1.2211162829426774,-1.6123262247528156
-0.8595627669893461,-1.0825322507787112,-0.45532967311522815,1.2357843464014482,-0.44636986146691543
-0.8569776158104307,-1.0825322507787112,0.9710698807389764,0.007334031729385389,1.7300820166667652
-0.8543924646315154,-1.0825322507787112,1.3386719436197332,0.007334031729385389,-0.7572915583431555
-0.8518073134526002,-1.0825322507787112,-1.5218934048537622,1.2357843464014482,-1.3791349520956357
-0.8492221622736849,-1.0825322507787112,-1.2371312434672603,1.2357843464014482,-0.9127524067812756
-0.8466370110947695,-1.0825322507787112,1.486230518156375,-1.2211162829426774,-1.6123262247528156
-0.8440518599158542,-1.0825322507787112,-0.6676069206942568,0.007334031729385389,0.3309343807236848
-0.8414667087369389,-1.0825322507787112,-0.5407583215311786,0.007334031729385389,-0.7572915583431555
-0.8388815575580235,-1.0825322507787112,1.4732867835478978,1.2357843464014482,0.25320395650462474
-0.8362964063791082,-1.0825322507787112,-0.2197537032409403,0.007334031729385389,1.1082386229142849
-0.8337112552001928,-1.0825322507787112,0.1323158781096438,0.007334031729385389,-0.6018307099050354
-0.8311261040212775,-1.0825322507787112,0.600879070936524,-1.2211162829426774,0.7195865018189849
-0.8285409528423622,-1.0825322507787112,-0.3517797962474093,-1.2211162829426774,-0.5241002856859754
-0.8259558016634468,-1.0825322507787112,1.1962908629264823,0.007334031729385389,-1.3791349520956357
-0.8233706504845315,-1.0825322507787112,1.23771081367361,1.2357843464014482,-0.8350219825622155
-0.8207854993056162,-1.0825322507787112,-1.6409757632517539,-1.2211162829426774,-0.5241002856859754
-0.8182003481267008,-1.0825322507787112,1.046143541468145,0.007334031729385389,1.1082386229142849
-0.8156151969477856,-1.0825322507787112,-1.5736683432876717,1.2357843464014482,-0.29090901302879535
-0.8130300457688703,-1.0825322507787112,-0.9083603844119356,-1.2211162829426774,1.4191603197905251
-0.810444894589955,-1.0825322507787112,0.9529486522871081,1.2357843464014482,-0.7572915583431555
-0.8078597434110396,-1.0825322507787112,0.10901715581438454,-1.2211162829426774,-0.44636986146691543
-0.8052745922321243,-1.0825322507787112,1.0435547945464496,0.007334031729385389,0.25320395650462474
-0.8026894410532089,-1.0825322507787112,1.6001353827109759,0.007334031729385389,0.4086648049427448
-0.8001042898742936,-1.0825322507787112,1.693330271892013,0.007334031729385389,0.48639522916180483
-0.7975191386953783,-1.0825322507787112,-1.058507705870273,0.007334031729385389,-0.7572915583431555
-0.7949339875164629,-1.0825322507787112,0.22292202036898526,0.007334031729385389,1.263699471352405
-0.7923488363375476,-1.0825322507787112,-1.7212269178243136,-1.2211162829426774,-1.3791349520956357
-0.7897636851586323,-1.0825322507787112,0.2125670326822034,-1.2211162829426774,0.4086648049427448
-0.7871785339797169,-1.0825322507787112,-0.6184207291820428,-1.2211162829426774,-1.4568653763146957
-0.7845933828008016,-1.0825322507787112,-1.102516403539096,1.2357843464014482,1.7300820166667652
-0.7820082316218864,-1.0825322507787112,-0.916126625177022,1.2357843464014482,-1.1459436794384557
-0.779423080442971,-1.0825322507787112,0.5154504225205735,0.007334031729385389,-1.3791349520956357
-0.7768379292640557,-1.0825322507787112,-1.4468197441245936,0.007334031729385389,-1.6900566489718758
-0.7742527780851404,-1.0825322507787112,1.3723256536017745,1.2357843464014482,-0.9127524067812756
-0.771667626906225,-1.0825322507787112,-0.20680996863246293,1.2357843464014482,1.7300820166667652
-0.7690824757273097,-1.0825322507787112,-0.8591741928997216,1.2357843464014482,-0.8350219825622155
-0.7664973245483944,-1.0825322507787112,-0.3181260862653682,-1.2211162829426774,1.7300820166667652
-0.763912173369479,-1.0825322507787112,0.21515577960389884,0.007334031729385389,-1.3791349520956357
-0.7613270221905637,-1.0825322507787112,-0.18092249941550823,1.2357843464014482,1.030508198695225
-0.7587418710116484,-1.0825322507787112,-1.0377977304967092,0.007334031729385389,0.3309343807236848
-0.756156719832733,-1.0825322507787112,0.23327700805576715,0.007334031729385389,-1.4568653763146957
-0.7535715686538177,-1.0825322507787112,1.2428883075170007,1.2357843464014482,-0.9904828310003355
-0.7509864174749024,-1.0825322507787112,-1.5244821517754577,1.2357843464014482,0.48639522916180483
-0.748401266295987,-1.0825322507787112,0.9400049176786307,1.2357843464014482,1.030508198695225
-0.7458161151170718,-1.0825322507787112,1.5820141542591075,0.007334031729385389,0.7195865018189849
-0.7432309639381565,-1.0825322507787112,-1.48306220102833,1.2357843464014482,-1.3791349520956357
-0.7406458127592411,-1.0825322507787112,-0.5511133092179605,1.2357843464014482,-0.29090901302879535
-0.7380606615803258,-1.0825322507787112,-0.6210094761037382,-1.2211162829426774,0.17547353228556475
-0.7354755104014105,-1.0825322507787112,-0.2275199440060267,0.007334031729385389,0.7973169260380449
-0.7328903592224951,-1.0825322507787112,0.1219608904228619,-1.2211162829426774,0.09774310806650473
-0.7303052080435798,-1.0825322507787112,-0.8048105075441168,1.2357843464014482,-1.6900566489718758
-0.7277200568646645,-1.0825322507787112,1.5975466357892805,-1.2211162829426774,-1.5345958005337557
-0.7251349056857491,-1.0825322507787112,0.5102729286771825,1.2357843464014482,0.020012683847444705
-0.7225497545068338,-1.0825322507787112,-0.6339532107122157,1.2357843464014482,0.952777774476165
-0.7199646033279185,-1.0825322507787112,0.9192949423050669,0.007334031729385389,0.48639522916180483
-0.7173794521490031,-1.0825322507787112,-1.301849916509647,0.007334031729385389,-1.2236741036575156
-0.7147943009700878,-1.0825322507787112,0.14267086579642566,-1.2211162829426774,-1.5345958005337557
-0.7122091497911724,-1.0825322507787112,1.4939967589214616,1.2357843464014482,0.4086648049427448
-0.7096239986122572,-1.0825322507787112,-1.2604299657625195,-1.2211162829426774,0.48639522916180483
-0.7070388474333419,-1.0825322507787112,-0.778923038327162,0.007334031729385389,-0.29090901302879535
-0.7044536962544266,-1.0825322507787112,1.0642647699200134,0.007334031729385389,-1.1459436794384557
-0.7018685450755112,-1.0825322507787112,-1.1491138481296144,-1.2211162829426774,-1.0682132552193955
-0.6992833938965959,-1.0825322507787112,1.2972519928726058,-1.2211162829426774,-0.5241002856859754
-0.6966982427176805,-1.0825322507787112,-1.2319537496238695,-1.2211162829426774,0.7195865018189849
-0.6941130915387652,-1.0825322507787112,-0.9860227920627997,1.2357843464014482,0.3309343807236848
-0.6915279403598499,-1.0825322507787112,0.9218836892267624,0.007334031729385389,0.4086648049427448
-0.6889427891809345,-1.0825322507787112,0.8416325346542028,1.2357843464014482,0.48639522916180483
-0.6863576380020192,-1.0825322507787112,-1.5995558125046263,1.2357843464014482,-1.5345958005337557
-0.6837724868231039,-1.0825322507787112,0.3342381380018905,1.2357843464014482,0.7973169260380449
-0.6811873356441885,-1.0825322507787112,1.667442802675058,0.007334031729385389,-1.6900566489718758
-0.6786021844652732,-1.0825322507787112,-0.6054769945735655,-1.2211162829426774,-1.3791349520956357
-0.6760170332863579,-1.0825322507787112,1.0176673253294948,1.2357843464014482,1.263699471352405
-0.6734318821074426,-1.0825322507787112,-0.5692345376698289,1.2357843464014482,-0.8350219825622155
-0.6708467309285273,-1.0825322507787112,0.4947404471470097,1.2357843464014482,-0.29090901302879535
-0.668261579749612,-1.0825322507787112,-0.921304119020413,-1.2211162829426774,-1.4568653763146957
-0.6656764285706966,-1.0825322507787112,1.4137456043489018,1.2357843464014482,-1.6900566489718758
-0.6630912773917813,-1.0825322507787112,-1.0895726689306187,0.007334031729385389,1.574621168228645
-0.660506126212866,-1.0825322507787112,1.5095292404516343,1.2357843464014482,1.496890744009585
-0.6579209750339506,-1.0825322507787112,-1.45458598488968,1.2357843464014482,1.4191603197905251
-0.6553358238550353,-1.0825322507787112,0.5905240832497421,-1.2211162829426774,-0.44636986146691543
-0.65275067267612,-1.0825322507787112,-1.0352089835750136,1.2357843464014482,-0.6018307099050354
-0.6501655214972046,-1.0825322507787112,-0.5666457907481334,1.2357843464014482,1.4191603197905251
-0.6475803703182893,-1.0825322507787112,1.3930356289753383,1.2357843464014482,-0.5241002856859754
-0.644995219139374,-1.0825322507787112,-1.4960059356368074,-1.2211162829426774,0.25320395650462474
-0.6424100679604586,-1.0825322507787112,-1.356213601865252,1.2357843464014482,0.17547353228556475
-0.6398249167815434,-1.0825322507787112,0.5749916017195693,1.2357843464014482,-1.0682132552193955
-0.6372397656026281,-1.0825322507787112,1.2247670790651326,-1.2211162829426774,-1.6900566489718758
-0.6346546144237127,-1.0825322507787112,-0.8721179275081989,-1.2211162829426774,1.263699471352405
-0.6320694632447974,-1.0825322507787112,-0.7944555198573349,-1.2211162829426774,1.4191603197905251
-0.6294843120658821,-1.0825322507787112,-1.6099108001914082,1.2357843464014482,1.7300820166667652
-0.6268991608869667,-1.0825322507787112,0.4533204963998822,-1.2211162829426774,1.574621168228645
-0.6243140097080514,-1.0825322507787112,0.5050954348337916,1.2357843464014482,-0.05771774037161531
-0.6217288585291361,-1.0825322507787112,-1.3199711449615155,0.007334031729385389,0.09774310806650473
-0.6191437073502207,-1.0825322507787112,1.2791307644207375,-1.2211162829426774,-0.5241002856859754
-0.6165585561713054,-1.0825322507787112,0.6034678178582195,1.2357843464014482,0.09774310806650473
-0.6139734049923901,-1.0825322507787112,0.33164939108019503,-1.2211162829426774,0.7195865018189849
-0.6113882538134747,-1.0825322507787112,-1.3665685895520339,1.2357843464014482,1.1082386229142849
-0.6088031026345594,-1.0825322507787112,-0.06960638178260296,0.007334031729385389,-1.0682132552193955
-0.606217951455644,-1.0825322507787112,-0.6727844145376477,0.007334031729385389,1.1082386229142849
-0.6036328002767288,-1.0825322507787112,0.3135281626283268,1.2357843464014482,0.7973169260380449
-0.6010476490978135,-1.0825322507787112,-0.8695291805865035,1.2357843464014482,1.341429895571465
-0.5984624979188982,-1.0825322507787112,0.6863077193524746,0.007334031729385389,0.09774310806650473
-0.5958773467399828,-1.0825322507787112,-1.053330212026882,1.2357843464014482,-1.6900566489718758
-0.5932921955610675,-1.0825322507787112,-0.8384642175261579,1.2357843464014482,0.25320395650462474
-0.5907070443821522,-1.0825322507787112,1.0694422637634042,0.007334031729385389,-0.8350219825622155
-0.5881218932032368,-1.0825322507787112,1.002134843799322,-1.2211162829426774,-1.4568653763146957
-0.5855367420243215,-1.0825322507787112,-1.674629473233795,0.007334031729385389,-1.4568653763146957
-0.5829515908454062,-1.0825322507787112,-0.13691380174668522,1.2357843464014482,-0.44636986146691543
-0.5803664396664908,-1.0825322507787112,0.24104324882085357,-1.2211162829426774,-1.5345958005337557
-0.5777812884875755,-1.0825322507787112,-0.39319974699453686,0.007334031729385389,0.25320395650462474
-0.5751961373086601,-1.0825322507787112,-1.708283183215836,1.2357843464014482,0.020012683847444705
-0.5726109861297448,-1.0825322507787112,0.49991794099040066,-1.2211162829426774,-1.1459436794384557
-0.5700258349508295,-1.0825322507787112,1.556126685042153,-1.2211162829426774,1.4191603197905251
-0.5674406837719143,-1.0825322507787112,0.7354939108646885,1.2357843464014482,-0.05771774037161531
-0.5648555325929989,-1.0825322507787112,-0.8824729151949808,0.007334031729385389,0.25320395650462474
-0.5622703814140836,-1.0825322507787112,0.6345327809185651,1.2357843464014482,-0.7572915583431555
-0.5596852302351683,0.24767702573983355,-1.1284038727560506,1.2357843464014482,-1.0682132552193955
-0.5571000790562529,0.24767702573983355,-0.30518235165689084,1.2357843464014482,0.7195865018189849
-0.5545149278773376,0.24767702573983355,-1.0326202366533181,-1.2211162829426774,1.030508198695225
-0.5519297766984222,0.24767702573983355,-0.49933837078405113,-1.2211162829426774,-0.5241002856859754
-0.5493446255195069,0.24767702573983355,0.27728570572459016,0.007334031729385389,0.48639522916180483
-0.5467594743405916,0.24767702573983355,-0.8436417113695488,0.007334031729385389,-1.6123262247528156
-0.5441743231616762,0.24767702573983355,-0.030775177957170895,0.007334031729385389,0.5641256533808648
-0.5415891719827609,0.24767702573983355,1.6907415249703173,0.007334031729385389,1.574621168228645
-0.5390040208038456,0.24767702573983355,0.4326105210263184,-1.2211162829426774,1.574621168228645
-0.5364188696249302,0.24767702573983355,-0.9575465759241495,0.007334031729385389,0.020012683847444705
-0.5338337184460149,0.24767702573983355,1.123805949119009,1.2357843464014482,-1.6123262247528156
-0.5312485672670997,0.24767702573983355,1.726983981874054,0.007334031729385389,1.341429895571465
-0.5286634160881843,0.24767702573983355,0.026177254320129465,1.2357843464014482,-0.6795611341240955
-0.526078264909269,0.24767702573983355,1.6260228519279305,0.007334031729385389,0.7195865018189849
-0.5234931137303537,0.24767702573983355,0.06500845814556153,0.007334031729385389,-0.9127524067812756
-0.5209079625514383,0.24767702573983355,1.1160397083539229,0.007334031729385389,0.3309343807236848
-0.518322811372523,0.24767702573983355,-0.8902391559600673,1.2357843464014482,-0.13544816459067532
-0.5157376601936077,0.24767702573983355,-0.36472353085588666,-1.2211162829426774,-1.5345958005337557
-0.5131525090146923,0.24767702573983355,0.8390437877325073,-1.2211162829426774,-1.3014045278765756
-0.510567357835777,0.24767702573983355,-0.4139097223681006,-1.2211162829426774,-1.1459436794384557
-0.5079822066568617,0.24767702573983355,-1.552958367914108,-1.2211162829426774,0.4086648049427448
-0.5053970554779463,0.24767702573983355,-0.7866892790922484,-1.2211162829426774,0.4086648049427448
-0.502811904299031,0.24767702573983355,-1.1180488850692687,-1.2211162829426774,0.09774310806650473
-0.5002267531201157,0.24767702573983355,0.43778801486970936,0.007334031729385389,-0.9127524067812756
-0.4976416019412004,0.24767702573983355,0.16079209424829397,1.2357843464014482,0.25320395650462474
-0.49505645076228505,0.24767702573983355,-0.17833375249381275,1.2357843464014482,1.496890744009585
-0.4924712995833697,0.24767702573983355,-0.7659793037186847,1.2357843464014482,-0.05771774037161531
-0.4898861484044544,0.24767702573983355,-0.8332867236827669,-1.2211162829426774,-0.8350219825622155
-0.4873009972255391,0.24767702573983355,0.424844280261232,1.2357843464014482,1.496890744009585
-0.48471584604662377,0.24767702573983355,1.6803865372835354,0.007334031729385389,-0.9127524067812756
-0.48213069486770843,0.24767702573983355,-0.39578849391623233,1.2357843464014482,1.185969047133345
-0.4795455436887931,0.24767702573983355,0.052064723537084176,-1.2211162829426774,0.09774310806650473
-0.47696039250987776,0.24767702573983355,-1.5581358617574987,1.2357843464014482,-1.0682132552193955
-0.4743752413309624,0.24767702573983355,0.08312968659742984,1.2357843464014482,0.25320395650462474
-0.4717900901520471,0.24767702573983355,0.7691476208467296,1.2357843464014482,-0.21317858880973536
-0.4692049389731318,0.24767702573983355,1.3283169559329513,-1.2211162829426774,1.030508198695225
-0.4666197877942165,0.24767702573983355,-0.27670613551824064,1.2357843464014482,1.1082386229142849
-0.46403463661530114,0.24767702573983355,-0.5744120315132198,1.2357843464014482,-0.29090901302879535
-0.4614494854363858,0.24767702573983355,0.2721082118811992,0.007334031729385389,1.7300820166667652
-0.4588643342574705,0.24767702573983355,1.2480658013603918,0.007334031729385389,-0.5241002856859754
-0.45627918307855514,0.24767702573983355,-1.4804734541066347,-1.2211162829426774,0.4086648049427448
-0.4536940318996398,0.24767702573983355,1.3516156782282107,0.007334031729385389,-0.9127524067812756
-0.4511088807207245,0.24767702573983355,1.056498529154927,0.007334031729385389,0.09774310806650473
-0.4485237295418092,0.24767702573983355,-1.1775900642682646,1.2357843464014482,0.6418560775999249
-0.44593857836289386,0.24767702573983355,-1.141347607364528,0.007334031729385389,1.341429895571465
-0.4433534271839785,0.24767702573983355,0.6604202501355199,0.007334031729385389,1.652351592447705
-0.4407682760050632,0.24767702573983355,-1.5788458371310625,0.007334031729385389,1.496890744009585
-0.43818312482614785,0.24767702573983355,-0.7323255937366435,0.007334031729385389,-0.05771774037161531
-0.4355979736472326,0.24767702573983355,-1.6047333063480174,-1.2211162829426774,-1.6900566489718758
-0.43301282246831724,0.24767702573983355,-0.2508186663012859,1.2357843464014482,0.952777774476165
-0.4304276712894019,0.24767702573983355,0.5180391694422689,0.007334031729385389,-0.9904828310003355
-0.42784252011048657,0.24767702573983355,0.9477711584437172,1.2357843464014482,1.4191603197905251
-0.42525736893157123,0.24767702573983355,-1.4908284417934166,0.007334031729385389,-1.4568653763146957
-0.4226722177526559,0.24767702573983355,-0.9679015636109314,0.007334031729385389,1.4191603197905251
-0.42008706657374056,0.24767702573983355,1.4448105674092475,0.007334031729385389,1.1082386229142849
-0.4175019153948253,0.24767702573983355,-0.4579184200369236,-1.2211162829426774,1.652351592447705
-0.41491676421590995,0.24767702573983355,-1.327737385726602,1.2357843464014482,-1.6900566489718758
-0.4123316130369946,0.24767702573983355,1.5147067342950253,1.2357843464014482,-0.13544816459067532
-0.4097464618580793,0.24767702573983355,1.7010965126570992,-1.2211162829426774,-0.8350219825622155
-0.40716131067916395,0.24767702573983355,0.015822266633347584,-1.2211162829426774,0.7195865018189849
-0.4045761595002486,0.24767702573983355,0.17891332270016225,-1.2211162829426774,1.652351592447705
-0.4019910083213333,0.24767702573983355,0.7536151393165569,-1.2211162829426774,-0.13544816459067532
-0.399405857142418,0.24767702573983355,-1.542603380227326,1.2357843464014482,-1.4568653763146957
-0.39682070596350266,0.24767702573983355,0.05465347045877965,-1.2211162829426774,0.3309343807236848
-0.3942355547845873,0.24767702573983355,0.31870565647171767,1.2357843464014482,-0.9904828310003355
-0.391650403605672,0.24767702573983355,-0.2715286416748497,0.007334031729385389,-1.3791349520956357
-0.38906525242675666,0.24767702573983355,-1.6875732078422723,0.007334031729385389,-0.8350219825622155
-0.3864801012478413,0.24767702573983355,-1.3846898180039022,0.007334031729385389,-0.9904828310003355
-0.383894950068926,0.24767702573983355,-1.646153257095145,-1.2211162829426774,-1.0682132552193955
-0.3813097988900107,0.24767702573983355,1.6415553334581034,0.007334031729385389,0.952777774476165
-0.3787246477110954,0.24767702573983355,1.4655205427828113,1.2357843464014482,-0.6795611341240955
-0.37613949653218004,0.24767702573983355,0.3264718972368041,-1.2211162829426774,0.5641256533808648
-0.3735543453532647,0.24767702573983355,-1.048152718183491,1.2357843464014482,-0.8350219825622155
-0.37096919417434937,0.24767702573983355,-0.0126539495053026,1.2357843464014482,1.496890744009585
-0.36838404299543404,0.24767702573983355,-0.690905642989516,-1.2211162829426774,-0.21317858880973536
-0.3657988918165187,0.24767702573983355,-0.5899445130433927,-1.2211162829426774,-0.6795611341240955
-0.3632137406376034,0.24767702573983355,-0.5304033338443968,0.007334031729385389,-0.6795611341240955
-0.3606285894586881,0.24767702573983355,1.3956243758970337,1.2357843464014482,-0.8350219825622155
-0.35804343827977275,0.24767702573983355,1.3904468820536426,1.2357843464014482,0.6418560775999249
-0.3554582871008574,0.24767702573983355,-0.60288824765187,-1.2211162829426774,-0.05771774037161531
-0.3528731359219421,0.24767702573983355,0.8209225592806391,1.2357843464014482,0.952777774476165
-0.35028798474302675,0.24767702573983355,-0.2922386170484135,0.007334031729385389,-1.6900566489718758
-0.3477028335641114,0.24767702573983355,-0.1395025486683807,-1.2211162829426774,-1.1459436794384557
-0.34511768238519613,0.24767702573983355,-1.6487420040168403,1.2357843464014482,-0.3686394372478554
-0.3425325312062808,0.24767702573983355,1.1212172021973137,1.2357843464014482,-0.6018307099050354
-0.33994738002736546,0.24767702573983355,0.5283941571290508,-1.2211162829426774,0.952777774476165
-0.33736222884845013,0.24767702573983355,-0.37507851854266855,1.2357843464014482,1.652351592447705
-0.3347770776695348,0.24767702573983355,1.7243952349523584,1.2357843464014482,-0.9904828310003355
-0.33219192649061946,0.24767702573983355,-1.2500749780757379,1.2357843464014482,0.7195865018189849
-0.3296067753117041,0.24767702573983355,-0.8022217606224212,1.2357843464014482,1.652351592447705
-0.32702162413278885,0.24767702573983355,-1.4028110464557706,-1.2211162829426774,0.6418560775999249
-0.3244364729538735,0.24767702573983355,-0.09549385099955768,1.2357843464014482,1.652351592447705
-0.3218513217749582,0.24767702573983355,0.1478483596398166,0.007334031729385389,0.25320395650462474
-0.31926617059604284,0.24767702573983355,-1.718638170902618,0.007334031729385389,0.25320395650462474
-0.3166810194171275,0.24767702573983355,0.8908187261664168,1.2357843464014482,1.341429895571465
-0.3140958682382122,0.24767702573983355,-0.5873557661216972,-1.2211162829426774,-1.0682132552193955
-0.31151071705929684,0.24767702573983355,0.4559092433215777,-1.2211162829426774,-1.4568653763146957
-0.30892556588038156,0.24767702573983355,0.4144892925744501,1.2357843464014482,-1.6123262247528156
-0.3063404147014662,0.24767702573983355,0.018411013555043054,1.2357843464014482,0.7195865018189849
-0.3037552635225509,0.24767702573983355,0.17373582885677133,1.2357843464014482,0.17547353228556475
-0.30117011234363555,0.24767702573983355,-0.866940433664808,0.007334031729385389,0.5641256533808648
-0.2985849611647202,0.24767702573983355,-0.5071046115491376,-1.2211162829426774,-1.2236741036575156
-0.2959998099858049,0.24767702573983355,1.7140402472655767,-1.2211162829426774,-0.6795611341240955
-0.29341465880688955,0.24767702573983355,-0.05925139409582108,0.007334031729385389,0.4086648049427448
-0.29082950762797427,0.24767702573983355,0.9244724361484579,1.2357843464014482,-0.29090901302879535
-0.28824435644905894,0.24767702573983355,0.9167061953833715,1.2357843464014482,0.8750473502571049
-0.2856592052701436,0.24767702573983355,-1.410577287220857,-1.2211162829426774,1.652351592447705
-0.28307405409122827,0.24767702573983355,0.9063512076965896,0.007334031729385389,-0.8350219825622155
-0.28048890291231293,0.24767702573983355,0.7199614293345157,-1.2211162829426774,-0.9904828310003355
-0.2779037517333976,0.24767702573983355,-1.086983922008923,1.2357843464014482,0.8750473502571049
-0.2753186005544823,0.24767702573983355,-1.4778847071849393,1.2357843464014482,1.4191603197905251
-0.272733449375567,0.24767702573983355,-0.6235982230254338,1.2357843464014482,-0.13544816459067532
-0.27014829819665165,0.24767702573983355,-0.6753731614593432,1.2357843464014482,0.7973169260380449
-0.2675631470177363,0.24767702573983355,-0.6934943899112115,-1.2211162829426774,-1.0682132552193955
-0.264977995838821,0.24767702573983355,-0.9937890328278861,-1.2211162829426774,0.7973169260380449
-0.26239284465990564,0.24767702573983355,0.2746969588028947,1.2357843464014482,-0.13544816459067532
-0.2598076934809903,0.24767702573983355,1.4706980366262024,0.007334031729385389,-1.1459436794384557
-0.25722254230207503,0.24767702573983355,-1.229365002702174,1.2357843464014482,-0.6795611341240955
-0.2546373911231597,0.24767702573983355,0.8053900777504662,0.007334031729385389,0.020012683847444705
-0.25205223994424436,0.24767702573983355,1.0590872760766223,0.007334031729385389,1.652351592447705
-0.24946708876532903,0.24767702573983355,-1.5892008248178444,1.2357843464014482,-0.7572915583431555
-0.2468819375864137,0.24767702573983355,-0.8980053967251537,1.2357843464014482,0.7195865018189849
-0.24429678640749838,0.24767702573983355,0.40931179873105916,-1.2211162829426774,-0.05771774037161531
-0.24171163522858305,0.24767702573983355,-1.2215987619370876,0.007334031729385389,-1.6123262247528156
-0.23912648404966771,0.24767702573983355,0.8804637384796349,1.2357843464014482,1.574621168228645
-0.23654133287075238,0.24767702573983355,0.7898575962202934,-1.2211162829426774,-1.6123262247528156
-0.23395618169183707,0.24767702573983355,1.1807583813963096,-1.2211162829426774,-0.9127524067812756
-0.23137103051292174,0.24767702573983355,-0.24046367861450405,0.007334031729385389,-1.4568653763146957
-0.2287858793340064,0.24767702573983355,-0.20163247478907198,-1.2211162829426774,-0.6018307099050354
-0.2262007281550911,0.24767702573983355,-0.35695729009080024,-1.2211162829426774,1.496890744009585
-0.22361557697617576,0.24767702573983355,-0.7530355691102073,1.2357843464014482,1.574621168228645
-0.22103042579726043,0.24767702573983355,0.6707752378223018,0.007334031729385389,-0.44636986146691543
-0.2184452746183451,0.24767702573983355,-1.1154601381475733,-1.2211162829426774,1.574621168228645
-0.21586012343942979,0.24767702573983355,-0.46309591388031457,0.007334031729385389,-0.29090901302879535
-0.21327497226051445,0.24767702573983355,-0.9730790574543223,0.007334031729385389,-0.6795611341240955
-0.21068982108159912,0.24767702573983355,0.5879353363280467,1.2357843464014482,0.7973169260380449
-0.2081046699026838,0.24767702573983355,1.2894857521075194,1.2357843464014482,0.25320395650462474
-0.20551951872376847,0.24767702573983355,-0.19645498094568103,-1.2211162829426774,-1.6123262247528156
-0.20293436754485314,0.24767702573983355,1.5716591665723256,-1.2211162829426774,1.7300820166667652
-0.2003492163659378,0.24767702573983355,-1.2060662804069147,1.2357843464014482,-0.3686394372478554
-0.1977640651870225,0.24767702573983355,0.6138228055450013,0.007334031729385389,-0.3686394372478554
-0.19517891400810716,0.24767702573983355,-0.24305242553619952,0.007334031729385389,-0.9904828310003355
-0.19259376282919183,0.24767702573983355,0.6267665401534788,-1.2211162829426774,-0.6795611341240955
-0.19000861165027652,0.24767702573983355,-0.8565854459780261,-1.2211162829426774,0.952777774476165
-0.1874234604713612,0.24767702573983355,0.9814248684257583,0.007334031729385389,-0.5241002856859754
-0.18483830929244585,0.24767702573983355,-1.6150882940347993,-1.2211162829426774,1.1082386229142849
-0.18225315811353052,0.24767702573983355,0.28764069341137205,0.007334031729385389,0.3309343807236848
-0.1796680069346152,0.24767702573983355,0.2643419711161128,1.2357843464014482,-0.3686394372478554
-0.17708285575569988,0.24767702573983355,1.2584207890471737,0.007334031729385389,-0.8350219825622155
-0.17449770457678454,0.24767702573983355,1.0047235907210175,-1.2211162829426774,0.5641256533808648
-0.17191255339786923,0.24767702573983355,0.5232166632856599,1.2357843464014482,-0.05771774037161531
-0.1693274022189539,0.24767702573983355,1.4603430489394205,1.2357843464014482,0.7973169260380449
-0.16674225104003856,0.24767702573983355,1.0979184799020545,0.007334031729385389,-0.5241002856859754
-0.16415709986112326,0.24767702573983355,-0.9704903105326269,0.007334031729385389,0.8750473502571049
-0.16157194868220792,0.24767702573983355,0.2617532241944173,-1.2211162829426774,1.7300820166667652
-0.1589867975032926,0.24767702573983355,1.4241005920356837,1.2357843464014482,1.4191603197905251
-0.15640164632437725,0.24767702573983355,0.15561460040490302,-1.2211162829426774,1.1082386229142849
-0.15381649514546195,0.24767702573983355,0.9995460968776265,1.2357843464014482,-1.0682132552193955
-0.1512313439665466,0.24767702573983355,-0.4294422038982734,-1.2211162829426774,0.3309343807236848
-0.14864619278763128,0.24767702573983355,0.7587926331599477,-1.2211162829426774,1.1082386229142849
-0.14606104160871597,0.24767702573983355,-0.3491910493257138,0.007334031729385389,0.7973169260380449
-0.14347589042980063,0.24767702573983355,-1.5348371394622395,-1.2211162829426774,-0.13544816459067532
-0.1408907392508853,0.24767702573983355,1.3334944497763423,0.007334031729385389,1.652351592447705
-0.13830558807196996,0.24767702573983355,-0.16021252404194444,-1.2211162829426774,-0.21317858880973536
-0.13572043689305466,0.24767702573983355,1.67779779036184,0.007334031729385389,1.1082386229142849
-0.13313528571413932,0.24767702573983355,0.020999760476738523,-1.2211162829426774,1.185969047133345
-0.130550134535224,0.24767702573983355,-1.0818064281655322,0.007334031729385389,0.17547353228556475
-0.12796498335630868,0.24767702573983355,-0.7142043652847753,1.2357843464014482,-1.3791349520956357
-0.12537983217739335,0.24767702573983355,0.15302585348320755,0.007334031729385389,0.952777774476165
-0.12279468099847801,0.24767702573983355,-1.0300314897316227,0.007334031729385389,-0.3686394372478554
-0.12020952981956269,0.24767702573983355,1.359381918993297,1.2357843464014482,1.4191603197905251
-0.11762437864064737,0.24767702573983355,1.5198842281384162,-1.2211162829426774,0.09774310806650473
-0.11503922746173204,0.24767702573983355,-0.7038493775979934,-1.2211162829426774,1.4191603197905251
-0.11245407628281671,0.24767702573983355,0.3704805949056271,-1.2211162829426774,-1.6123262247528156
-0.10986892510390138,0.24767702573983355,0.6837189724307791,0.007334031729385389,0.3309343807236848
-0.10728377392498606,0.24767702573983355,-1.508949670245285,0.007334031729385389,0.7973169260380449
-0.10469862274607072,0.24767702573983355,1.6855640311269264,1.2357843464014482,-1.3014045278765756
-0.1021134715671554,0.24767702573983355,0.567225360954483,-1.2211162829426774,0.3309343807236848
-0.09952832038824008,0.24767702573983355,1.7295727287957494,1.2357843464014482,0.020012683847444705
-0.09694316920932475,0.24767702573983355,-1.224187508858783,1.2357843464014482,1.263699471352405
-0.09435801803040943,0.24767702573983355,0.38860182335749544,-1.2211162829426774,0.09774310806650473
-0.09177286685149409,0.24767702573983355,-0.5718232845915243,0.007334031729385389,-0.7572915583431555
-0.08918771567257877,0.24767702573983355,0.1918570573086396,-1.2211162829426774,0.4086648049427448
-0.08660256449366345,0.24767702573983355,-0.13432505482498974,1.2357843464014482,0.09774310806650473
-0.08401741331474812,0.24767702573983355,1.095329732980359,0.007334031729385389,-1.1459436794384557
-0.0814322621358328,0.24767702573983355,0.46885297793005504,1.2357843464014482,1.574621168228645
-0.07884711095691746,0.24767702573983355,-0.7504468221885119,-1.2211162829426774,0.020012683847444705
-0.07626195977800214,0.24767702573983355,1.4499880612526386,1.2357843464014482,-1.3014045278765756
-0.0736768085990868,0.24767702573983355,-1.4701184664198528,-1.2211162829426774,-1.3014045278765756
-0.07109165742017148,0.24767702573983355,-0.5355808276877877,0.007334031729385389,0.952777774476165
-0.06850650624125616,0.24767702573983355,-0.9549578290024541,0.007334031729385389,0.5641256533808648
-0.06592135506234083,0.24767702573983355,1.0487322883898405,-1.2211162829426774,0.48639522916180483
-0.06333620388342551,0.24767702573983355,0.694073960117561,1.2357843464014482,1.652351592447705
-0.06075105270451018,0.24767702573983355,-1.596967065582931,1.2357843464014482,-0.7572915583431555
-0.05816590152559485,0.24767702573983355,-0.7452693283451209,1.2357843464014482,-1.3014045278765756
-0.055580750346679524,1.5778863022583782,-0.6287757168688247,-1.2211162829426774,-0.9127524067812756
-0.052995599167764196,1.5778863022583782,-1.1594688358163963,1.2357843464014482,-0.6018307099050354
-0.05041044798884887,1.5778863022583782,-1.464940972576462,1.2357843464014482,1.652351592447705
-0.04782529680993354,1.5778863022583782,-1.3432698672567747,0.007334031729385389,-0.6795611341240955
-0.04524014563101822,1.5778863022583782,-1.6539194978602312,1.2357843464014482,-1.3014045278765756
-0.04265499445210289,1.5778863022583782,-0.4941608769406602,1.2357843464014482,-1.6900566489718758
-0.040069843273187564,1.5778863022583782,-1.581434584052758,1.2357843464014482,1.263699471352405
-0.037484692094272236,1.5778863022583782,-1.723815664746009,0.007334031729385389,1.341429895571465
-0.03489954091535691,1.5778863022583782,0.15043710656151207,0.007334031729385389,-0.7572915583431555
-0.03231438973644158,1.5778863022583782,0.3005844280198494,-1.2211162829426774,0.17547353228556475
-0.029729238557526256,1.5778863022583782,-1.3096161572747336,0.007334031729385389,-1.6123262247528156
-0.02714408737861093,1.5778863022583782,0.0028785320248702275,0.007334031729385389,1.1082386229142849
-0.024558936199695604,1.5778863022583782,-0.4527409261935327,1.2357843464014482,-1.1459436794384557
-0.021973785020780276,1.5778863022583782,-0.9497803351590631,0.007334031729385389,-0.9904828310003355
-0.01938863384186495,1.5778863022583782,-0.6106544884169564,0.007334031729385389,1.1082386229142849
-0.016803482662949624,1.5778863022583782,0.6992514539609519,-1.2211162829426774,0.48639522916180483
-0.014218331484034296,1.5778863022583782,-0.2637624009097633,-1.2211162829426774,-1.1459436794384557
-0.01163318030511897,1.5778863022583782,0.5491041325026146,1.2357843464014482,1.4191603197905251
-0.009048029126203644,1.5778863022583782,1.139338430649182,0.007334031729385389,-1.6123262247528156
-0.006462877947288317,1.5778863022583782,-1.0947501627740095,0.007334031729385389,-0.29090901302879535
-0.00387772676837299,1.5778863022583782,-1.2759624472926925,1.2357843464014482,0.4086648049427448
-0.0012925755894576633,1.5778863022583782,1.2739532705773464,-1.2211162829426774,0.8750473502571049
0.0012925755894576633,1.5778863022583782,0.870108750792853,1.2357843464014482,-0.8350219825622155
0.00387772676837299,1.5778863022583782,0.9089399546182851,0.007334031729385389,1.7300820166667652
0.006462877947288317,1.5778863022583782,0.8623425100277666,-1.2211162829426774,0.17547353228556475
0.009048029126203644,1.5778863022583782,-0.1835112463372037,1.2357843464014482,-0.13544816459067532
0.01163318030511897,1.5778863022583782,-0.32330358010875915,1.2357843464014482,1.652351592447705
0.014218331484034296,1.5778863022583782,-1.2707849534493014,-1.2211162829426774,-0.29090901302879535
0.016803482662949624,1.5778863022583782,0.5594591201893965,-1.2211162829426774,-1.6123262247528156
0.01938863384186495,1.5778863022583782,-1.4312872625944206,0.007334031729385389,0.4086648049427448
0.021973785020780276,1.5778863022583782,1.408568110505511,1.2357843464014482,-0.8350219825622155
0.024558936199695604,1.5778863022583782,1.4629317958611159,0.007334031729385389,0.3309343807236848
0.02714408737861093,1.5778863022583782,-1.34585861417847,1.2357843464014482,0.7195865018189849
0.029729238557526256,1.5778863022583782,0.7613813800816432,-1.2211162829426774,0.6418560775999249
0.03231438973644158,1.5778863022583782,0.46626423100835956,1.2357843464014482,1.030508198695225
0.03489954091535691,1.5778863022583782,0.3653031010622362,-1.2211162829426774,-1.3791349520956357
0.037484692094272236,1.5778863022583782,1.0927409860586634,0.007334031729385389,0.48639522916180483
0.040069843273187564,1.5778863022583782,0.6811302255090836,0.007334031729385389,-0.7572915583431555
0.04265499445210289,1.5778863022583782,-0.004887708740216185,-1.2211162829426774,1.030508198695225
0.04524014563101822,1.5778863022583782,0.3730693418273226,-1.2211162829426774,-1.5345958005337557
0.04782529680993354,1.5778863022583782,-0.08772761023447126,0.007334031729385389,-1.2236741036575156
0.05041044798884887,1.5778863022583782,1.6519103211448853,1.2357843464014482,0.5641256533808648
0.052995599167764196,1.5778863022583782,1.6596765619099716,0.007334031729385389,1.652351592447705
0.055580750346679524,1.5778863022583782,1.0150785784077994,-1.2211162829426774,-1.3791349520956357
0.05816590152559485,1.5778863022583782,0.7044289478043428,0.007334031729385389,0.5641256533808648
0.06075105270451018,1.5778863022583782,0.9011737138531987,-1.2211162829426774,1.263699471352405
0.06333620388342551,1.5778863022583782,-0.06701763486090749,1.2357843464014482,-1.6123262247528156
0.06592135506234083,1.5778863022583782,-1.092161415852314,0.007334031729385389,1.263699471352405
0.06850650624125616,1.5778863022583782,0.6759527316656927,0.007334031729385389,-1.6900566489718758
0.07109165742017148,1.5778863022583782,-0.8488192052129397,0.007334031729385389,1.496890744009585
0.0736768085990868,1.5778863022583782,1.3619706659149926,-1.2211162829426774,0.6418560775999249
0.07626195977800214,1.5778863022583782,0.16855833501338038,0.007334031729385389,0.020012683847444705
0.07884711095691746,1.5778863022583782,-0.09808259792125314,0.007334031729385389,-1.1459436794384557
0.0814322621358328,1.5778863022583782,-0.6132432353386519,-1.2211162829426774,-0.13544816459067532
0.08401741331474812,1.5778863022583782,-0.04371891256564825,0.007334031729385389,-0.3686394372478554
0.08660256449366345,1.5778863022583782,0.38601307643579996,1.2357843464014482,-1.3014045278765756
0.08918771567257877,1.5778863022583782,0.16338084116998944,0.007334031729385389,0.7195865018189849
0.09177286685149409,1.5778863022583782,1.3127844744027786,-1.2211162829426774,-0.8350219825622155
0.09435801803040943,1.5778863022583782,0.9348274238352398,1.2357843464014482,1.652351592447705
0.09694316920932475,1.5778863022583782,-1.4882396948717211,0.007334031729385389,-0.44636986146691543
0.09952832038824008,1.5778863022583782,-0.5381695746094832,0.007334031729385389,0.7973169260380449
0.1021134715671554,1.5778863022583782,1.1600484060227458,1.2357843464014482,0.7195865018189849
0.10469862274607072,1.5778863022583782,-1.0455639712617955,-1.2211162829426774,-0.9127524067812756
0.10728377392498606,1.5778863022583782,-0.6313644637905201,-1.2211162829426774,-0.8350219825622155
0.10986892510390138,1.5778863022583782,0.20480079191711698,-1.2211162829426774,0.17547353228556475
0.11245407628281671,1.5778863022583782,-0.4423859385067508,0.007334031729385389,-0.05771774037161531
0.11503922746173204,1.5778863022583782,-1.62026578787819,1.2357843464014482,-0.21317858880973536
0.11762437864064737,1.5778863022583782,0.5413378917375282,-1.2211162829426774,-1.2236741036575156
0.12020952981956269,1.5778863022583782,-1.1983000396418284,0.007334031729385389,0.25320395650462474
0.12279468099847801,1.5778863022583782,0.5827578424846558,-1.2211162829426774,-0.13544816459067532
0.12537983217739335,1.5778863022583782,-1.3147936511181246,-1.2211162829426774,1.1082386229142849
0.12796498335630868,1.5778863022583782,-1.0662739466353592,0.007334031729385389,1.652351592447705
0.130550134535224,1.5778863022583782,1.4784642773912888,1.2357843464014482,-1.0682132552193955
0.13313528571413932,1.5778863022583782,-0.4682734077237055,0.007334031729385389,-0.13544816459067532
0.13572043689305466,1.5778863022583782,-0.14209129559007616,1.2357843464014482,-0.6795611341240955
0.13830558807196996,1.5778863022583782,-1.2008887865635238,0.007334031729385389,-0.6795611341240955
0.1408907392508853,1.5778863022583782,-0.7116156183630797,-1.2211162829426774,-0.6795611341240955
0.14347589042980063,1.5778863022583782,-0.9342478536288903,1.2357843464014482,-1.6900566489718758
0.14606104160871597,1.5778863022583782,-0.9834340451411042,0.007334031729385389,-0.6795611341240955
0.14864619278763128,1.5778863022583782,-0.22493119708433124,0.007334031729385389,-1.3791349520956357
0.1512313439665466,1.5778863022583782,0.9891911091908447,1.2357843464014482,-0.21317858880973536
0.15381649514546195,1.5778863022583782,-0.43720844466335984,-1.2211162829426774,0.952777774476165
0.15640164632437725,1.5778863022583782,0.3834243295141045,-1.2211162829426774,-0.8350219825622155
0.1589867975032926,1.5778863022583782,0.3161169095500222,-1.2211162829426774,0.6418560775999249
0.16157194868220792,1.5778863022583782,1.574247913494021,-1.2211162829426774,-0.05771774037161531
0.16415709986112326,1.5778863022583782,-0.14468004251177163,1.2357843464014482,-0.9904828310003355
0.16674225104003856,1.5778863022583782,1.149693418335964,0.007334031729385389,-0.6795611341240955
0.1693274022189539,1.5778863022583782,1.6752090434401445,0.007334031729385389,-0.5241002856859754
0.17191255339786923,1.5778863022583782,1.2843082582641283,-1.2211162829426774,1.1082386229142849
0.17449770457678454,1.5778863022583782,0.8959962200098077,1.2357843464014482,-0.8350219825622155
0.17708285575569988,1.5778863022583782,0.4041343048876682,0.007334031729385389,1.185969047133345
0.1796680069346152,1.5778863022583782,-1.6927507016856633,-1.2211162829426774,0.7973169260380449
0.18225315811353052,1.5778863022583782,0.7147839354911247,0.007334031729385389,0.5641256533808648
0.18483830929244585,1.5778863022583782,-1.3251486388049065,1.2357843464014482,1.7300820166667652
0.1874234604713612,1.5778863022583782,-1.537425886383935,-1.2211162829426774,-1.6123262247528156
0.19000861165027652,1.5778863022583782,0.6371215278402607,-1.2211162829426774,1.341429895571465
0.19259376282919183,1.5778863022583782,-1.278551194214388,0.007334031729385389,-1.3014045278765756
0.19517891400810716,1.5778863022583782,-0.7090268714413843,-1.2211162829426774,0.7973169260380449
0.1977640651870225,1.5778863022583782,0.6319440339968697,1.2357843464014482,-0.6795611341240955
0.2003492163659378,1.5778863022583782,1.183347128318005,-1.2211162829426774,0.6418560775999249
0.20293436754485314,1.5778863022583782,-1.3639798426303384,0.007334031729385389,0.3309343807236848
0.20551951872376847,1.5778863022583782,-0.6443081983989976,0.007334031729385389,0.952777774476165
0.2081046699026838,1.5778863022583782,0.1038396619709936,-1.2211162829426774,-0.13544816459067532
0.21068982108159912,1.5778863022583782,0.7846801023769024,1.2357843464014482,0.952777774476165
0.21327497226051445,1.5778863022583782,-0.289649870126718,0.007334031729385389,1.652351592447705
0.21586012343942979,1.5778863022583782,-0.6701956676159523,0.007334031729385389,0.6418560775999249
0.2184452746183451,1.5778863022583782,-1.449408491046289,0.007334031729385389,0.48639522916180483
0.22103042579726043,1.5778863022583782,0.1374933719530347,1.2357843464014482,1.185969047133345
0.22361557697617576,1.5778863022583782,-1.0714514404787503,-1.2211162829426774,-1.2236741036575156
0.2262007281550911,1.5778863022583782,0.7484376454731659,-1.2211162829426774,-0.3686394372478554
0.2287858793340064,1.5778863022583782,1.6570878149882762,0.007334031729385389,1.652351592447705
0.23137103051292174,1.5778863022583782,1.1030959737454453,0.007334031729385389,-1.2236741036575156
0.23395618169183707,1.5778863022583782,-1.576257090209367,0.007334031729385389,0.09774310806650473
0.23654133287075238,1.5778863022583782,0.9581261461304991,0.007334031729385389,-0.9127524067812756
0.23912648404966771,1.5778863022583782,1.5949578888675848,-1.2211162829426774,-0.6018307099050354
0.24171163522858305,1.5778863022583782,0.14525961271812113,1.2357843464014482,-0.7572915583431555
0.24429678640749838,1.5778863022583782,-0.32848107395215004,1.2357843464014482,0.8750473502571049
0.2468819375864137,1.5778863022583782,0.7743251146901206,-1.2211162829426774,-0.21317858880973536
0.24946708876532903,1.5778863022583782,-1.5063609233235893,0.007334031729385389,-0.9904828310003355
0.25205223994424436,1.5778863022583782,0.12713838426625285,-1.2211162829426774,-1.3791349520956357
0.2546373911231597,1.5778863022583782,-1.5011834294801985,1.2357843464014482,1.652351592447705
0.25722254230207503,1.5778863022583782,1.3697369066800789,-1.2211162829426774,0.5641256533808648
0.2598076934809903,1.5778863022583782,-1.3872785649255976,-1.2211162829426774,0.6418560775999249
0.26239284465990564,1.5778863022583782,0.29799568109815394,1.2357843464014482,0.7973169260380449
0.264977995838821,1.5778863022583782,1.5172954812167208,1.2357843464014482,-0.13544816459067532
0.2675631470177363,1.5778863022583782,-0.7478580752668164,-1.2211162829426774,1.030508198695225
0.27014829819665165,1.5778863022583782,0.6914852131958655,0.007334031729385389,0.020012683847444705
0.272733449375567,1.5778863022583782,-0.5925332599650881,-1.2211162829426774,-1.2236741036575156
0.2753186005544823,1.5778863022583782,1.276542017499042,-1.2211162829426774,0.4086648049427448
0.2779037517333976,1.5778863022583782,0.9115287015399806,1.2357843464014482,-0.05771774037161531
0.28048890291231293,1.5778863022583782,-1.5659021025225852,1.2357843464014482,-0.05771774037161531
0.28307405409122827,1.5778863022583782,0.6086453117016104,1.2357843464014482,0.17547353228556475
0.2856592052701436,1.5778863022583782,-1.4727072133415482,-1.2211162829426774,-0.21317858880973536
0.28824435644905894,1.5778863022583782,-0.2818836293616316,0.007334031729385389,-0.9904828310003355
0.29082950762797427,1.5778863022583782,-1.2526637249974333,1.2357843464014482,1.574621168228645
0.29341465880688955,1.5778863022583782,0.14008211887473018,1.2357843464014482,0.09774310806650473
0.2959998099858049,1.5778863022583782,1.6493215742231897,1.2357843464014482,-0.21317858880973536
0.2985849611647202,1.5778863022583782,-0.27411738859654516,0.007334031729385389,-1.4568653763146957
0.30117011234363555,1.5778863022583782,0.2022120449954215,-1.2211162829426774,-1.0682132552193955
0.3037552635225509,1.5778863022583782,-0.1472687894334671,-1.2211162829426774,0.020012683847444705
0.3063404147014662,1.5778863022583782,-0.9316591067071949,1.2357843464014482,0.3309343807236848
0.30892556588038156,1.5778863022583782,0.0857184335191253,-1.2211162829426774,0.8750473502571049
0.31151071705929684,1.5778863022583782,0.2850519464896766,1.2357843464014482,0.7195865018189849
0.3140958682382122,1.5778863022583782,-0.8462304582912443,0.007334031729385389,0.5641256533808648
0.3166810194171275,1.5778863022583782,-1.3484473611001657,0.007334031729385389,0.09774310806650473
0.31926617059604284,1.5778863022583782,0.9943686030342357,-1.2211162829426774,-1.0682132552193955
0.3218513217749582,1.5778863022583782,-1.4442309972028982,-1.2211162829426774,-0.9127524067812756
0.3244364729538735,1.5778863022583782,-0.6624294268508658,0.007334031729385389,0.7195865018189849
0.32702162413278885,1.5778863022583782,0.8157450654372481,1.2357843464014482,1.574621168228645
0.3296067753117041,1.5778863022583782,-1.5917895717395398,0.007334031729385389,-1.6123262247528156
0.33219192649061946,1.5778863022583782,-0.12397006713820785,0.007334031729385389,1.652351592447705
0.3347770776695348,1.5778863022583782,-0.7271480998932526,-1.2211162829426774,1.030508198695225
0.33736222884845013,1.5778863022583782,0.3238831503151086,-1.2211162829426774,-0.05771774037161531
0.33994738002736546,1.5778863022583782,1.1419271775708775,0.007334031729385389,1.574621168228645
0.3425325312062808,1.5778863022583782,-1.6176770409564947,1.2357843464014482,1.574621168228645
0.34511768238519613,1.5778863022583782,-1.18017881118996,-1.2211162829426774,-0.21317858880973536
0.3477028335641114,1.5778863022583782,-0.2534074132229814,1.2357843464014482,-0.6018307099050354
0.35028798474302675,1.5778863022583782,-1.2164212680936966,1.2357843464014482,-1.1459436794384557
0.3528731359219421,1.5778863022583782,-1.6124995471131036,-1.2211162829426774,0.7195865018189849
0.3554582871008574,1.5778863022583782,-0.10843758560803503,0.007334031729385389,-1.5345958005337557
0.35804343827977275,1.5778863022583782,0.04170973585030229,-1.2211162829426774,-1.2236741036575156
0.3606285894586881,1.5778863022583782,-0.9290703597854993,-1.2211162829426774,-1.6123262247528156
0.3632137406376034,1.5778863022583782,0.39895681104427727,-1.2211162829426774,1.185969047133345
0.3657988918165187,1.5778863022583782,1.4370443266441613,-1.2211162829426774,1.263699471352405
0.36838404299543404,1.5778863022583782,-1.6383870163300585,0.007334031729385389,0.25320395650462474
0.37096919417434937,1.5778863022583782,1.2635982828905645,-1.2211162829426774,1.652351592447705
0.3735543453532647,1.5778863022583782,0.5387491448158327,-1.2211162829426774,0.25320395650462474
0.37613949653218004,1.5778863022583782,0.7406714047080795,-1.2211162829426774,0.17547353228556475
0.3787246477110954,1.5778863022583782,-1.5710795963659763,1.2357843464014482,0.25320395650462474
0.3813097988900107,1.5778863022583782,-1.1724125704248736,-1.2211162829426774,0.09774310806650473
0.383894950068926,1.5778863022583782,0.9555373992088035,0.007334031729385389,1.341429895571465
0.3864801012478413,1.5778863022583782,0.3109394157066313,-1.2211162829426774,0.952777774476165
0.38906525242675666,1.5778863022583782,1.6208453580845397,0.007334031729385389,0.09774310806650473
0.391650403605672,1.5778863022583782,-0.9109491313336311,-1.2211162829426774,-0.6018307099050354
0.3942355547845873,1.5778863022583782,-0.564057043826438,-1.2211162829426774,0.8750473502571049
0.39682070596350266,1.5778863022583782,0.7510263923948614,1.2357843464014482,-0.7572915583431555
0.399405857142418,1.5778863022583782,-0.2689398947531542,1.2357843464014482,0.17547353228556475
0.4019910083213333,1.5778863022583782,0.07277469891064794,-1.2211162829426774,-0.6018307099050354
0.4045761595002486,1.5778863022583782,-1.1646463296597873,0.007334031729385389,0.09774310806650473
0.40716131067916395,1.5778863022583782,-0.29482736397010895,0.007334031729385389,0.8750473502571049
0.4097464618580793,1.5778863022583782,1.442221820487552,0.007334031729385389,-1.5345958005337557
0.4123316130369946,1.5778863022583782,1.6700315495967535,0.007334031729385389,0.5641256533808648
0.41491676421590995,1.5778863022583782,-1.283728688057779,0.007334031729385389,-0.8350219825622155
0.4175019153948253,1.5778863022583782,-0.7970442667790303,-1.2211162829426774,-1.1459436794384557
0.42008706657374056,1.5778863022583782,1.0383773007030586,0.007334031729385389,0.952777774476165
0.4226722177526559,1.5778863022583782,0.7976238369853799,1.2357843464014482,0.020012683847444705
0.42525736893157123,1.5778863022583782,-1.2811399411360833,0.007334031729385389,1.185969047133345
0.42784252011048657,1.5778863022583782,0.9322386769135443,-1.2211162829426774,0.25320395650462474
0.4304276712894019,1.5778863022583782,-0.7426805814234254,0.007334031729385389,-0.5241002856859754
0.43301282246831724,1.5778863022583782,-0.4501521792718372,0.007334031729385389,0.5641256533808648
0.4355979736472326,1.5778863022583782,1.1652258998661367,-1.2211162829426774,-1.5345958005337557
0.43818312482614785,1.5778863022583782,-1.4364647564378117,0.007334031729385389,0.952777774476165
0.4407682760050632,1.5778863022583782,-0.07737262254768937,1.2357843464014482,0.952777774476165
0.4433534271839785,1.5778863022583782,1.3800918943668607,1.2357843464014482,-0.5241002856859754
0.44593857836289386,1.5778863022583782,0.26693071803780827,-1.2211162829426774,-0.8350219825622155
0.4485237295418092,1.5778863022583782,0.6681864909006063,0.007334031729385389,-1.0682132552193955
0.4511088807207245,1.5778863022583782,-1.3355036264916882,0.007334031729385389,1.030508198695225
0.4536940318996398,1.5778863022583782,-1.6668632324687085,1.2357843464014482,0.48639522916180483
0.45627918307855514,1.5778863022583782,1.4396330735658567,0.007334031729385389,-0.05771774037161531
0.4588643342574705,1.5778863022583782,-0.3802560123860595,1.2357843464014482,-0.8350219825622155
0.4614494854363858,1.5778863022583782,0.8675200038711576,0.007334031729385389,-0.44636986146691543
0.46403463661530114,1.5778863022583782,0.3420043787669769,-1.2211162829426774,-1.3791349520956357
0.4666197877942165,1.5778863022583782,0.7070176947260384,0.007334031729385389,1.574621168228645
0.4692049389731318,1.5778863022583782,-0.06442888793921202,1.2357843464014482,1.185969047133345
0.4717900901520471,1.5778863022583782,0.07018595198895247,-1.2211162829426774,1.1082386229142849
0.4743752413309624,1.5778863022583782,-0.5614682969047424,0.007334031729385389,-0.21317858880973536
0.47696039250987776,1.5778863022583782,-0.6546631860857794,1.2357843464014482,0.25320395650462474
0.4795455436887931,1.5778863022583782,-1.3329148795699928,1.2357843464014482,1.4191603197905251
0.48213069486770843,1.5778863022583782,-0.3207148331870637,0.007334031729385389,1.341429895571465
0.48471584604662377,1.5778863022583782,1.5069404935299389,1.2357843464014482,-1.1459436794384557
0.4873009972255391,1.5778863022583782,-0.4242647100548825,-1.2211162829426774,-0.9127524067812756
0.4898861484044544,1.5778863022583782,1.012489831486104,-1.2211162829426774,-0.8350219825622155
0.4924712995833697,1.5778863022583782,1.5276504689035026,0.007334031729385389,-0.7572915583431555
0.49505645076228505,1.5778863022583782,1.7192177411089675,1.2357843464014482,0.3309343807236848
0.4976416019412004,1.5778863022583782,0.4610867371649686,1.2357843464014482,-0.29090901302879535
0.5002267531201157,1.5778863022583782,1.1471046714142685,1.2357843464014482,1.574621168228645
0.502811904299031,1.5778863022583782,-0.3983772408379278,1.2357843464014482,-1.4568653763146957
0.5053970554779463,1.5778863022583782,-0.5252258400010059,0.007334031729385389,0.48639522916180483
0.5079822066568617,1.5778863022583782,1.721806488030663,-1.2211162829426774,0.25320395650462474
0.510567357835777,1.5778863022583782,-0.08255011639108031,0.007334031729385389,-0.21317858880973536
0.5131525090146923,1.5778863022583782,-0.6650181737725613,0.007334031729385389,-0.44636986146691543
0.5157376601936077,1.5778863022583782,-0.048896406409039195,0.007334031729385389,1.7300820166667652
0.518322811372523,1.5778863022583782,0.9425936646003262,1.2357843464014482,-1.3791349520956357
0.5209079625514383,1.5778863022583782,1.1755808875529186,0.007334031729385389,-1.6900566489718758
0.5234931137303537,1.5778863022583782,-1.5167159110103712,1.2357843464014482,-0.9127524067812756
0.526078264909269,1.5778863022583782,1.6726202965184491,0.007334031729385389,-1.2236741036575156
0.5286634160881843,1.5778863022583782,0.7769138616118161,1.2357843464014482,-0.9904828310003355
0.5312485672670997,1.5778863022583782,-0.07219512870429844,0.007334031729385389,1.4191603197905251
0.5338337184460149,1.5778863022583782,-0.1110263325297305,0.007334031729385389,-1.6123262247528156
0.5364188696249302,1.5778863022583782,0.1659695880916849,0.007334031729385389,0.4086648049427448
0.5390040208038456,1.5778863022583782,-0.6598406799291704,1.2357843464014482,-0.05771774037161531
0.5415891719827609,1.5778863022583782,1.5483604442770664,0.007334031729385389,1.7300820166667652
0.5441743231616762,1.5778863022583782,-1.6720407263120995,0.007334031729385389,1.4191603197905251
0.5467594743405916,1.5778863022583782,0.5258054102073554,-1.2211162829426774,-0.05771774037161531
0.5493446255195069,1.5778863022583782,0.18926831038694414,-1.2211162829426774,1.185969047133345
0.5519297766984222,1.5778863022583782,0.25139823650763543,-1.2211162829426774,0.25320395650462474
0.5545149278773376,1.5778863022583782,0.30576192186324036,1.2357843464014482,1.185969047133345
0.5571000790562529,-0.41742761251943883,-0.6494856922423885,-1.2211162829426774,-1.1459436794384557
0.5596852302351683,-0.41742761251943883,-0.46568466080201004,1.2357843464014482,-0.44636986146691543
0.5622703814140836,-0.41742761251943883,-1.2966724226662563,-1.2211162829426774,0.25320395650462474
0.5648555325929989,-0.41742761251943883,-0.31294859242197726,0.007334031729385389,-1.5345958005337557
0.5674406837719143,-0.41742761251943883,0.29540693417645847,1.2357843464014482,-1.0682132552193955
0.5700258349508295,-0.41742761251943883,1.5509491911987618,0.007334031729385389,1.185969047133345
0.5726109861297448,-0.41742761251943883,-1.2578412188408241,-1.2211162829426774,-0.9127524067812756
0.5751961373086601,-0.41742761251943883,1.3982131228187291,-1.2211162829426774,-1.5345958005337557
0.5777812884875755,-0.41742761251943883,-0.1653900178853354,1.2357843464014482,-0.9904828310003355
0.5803664396664908,-0.41742761251943883,-1.4752959602632438,-1.2211162829426774,-1.4568653763146957
0.5829515908454062,-0.41742761251943883,-1.664274485547013,0.007334031729385389,-0.7572915583431555
0.5855367420243215,-0.41742761251943883,-0.023008937192084484,-1.2211162829426774,0.5641256533808648
0.5881218932032368,-0.41742761251943883,1.452576808174334,0.007334031729385389,1.263699471352405
0.5907070443821522,-0.41742761251943883,-0.7297368468149481,0.007334031729385389,-1.0682132552193955
0.5932921955610675,-0.41742761251943883,0.8571650161843757,1.2357843464014482,0.25320395650462474
0.5958773467399828,-0.41742761251943883,-0.9963777797495816,0.007334031729385389,-0.6018307099050354
0.5984624979188982,-0.41742761251943883,1.134160936805791,1.2357843464014482,0.7195865018189849
0.6010476490978135,-0.41742761251943883,-0.960135322845845,1.2357843464014482,-0.3686394372478554
0.6036328002767288,-0.41742761251943883,-0.514870852314224,1.2357843464014482,0.09774310806650473
0.606217951455644,-0.41742761251943883,0.9840136153474538,1.2357843464014482,-1.2236741036575156
0.6088031026345594,-0.41742761251943883,-0.1187925732948169,0.007334031729385389,0.7973169260380449
0.6113882538134747,-0.41742761251943883,0.4973291940687052,0.007334031729385389,-0.13544816459067532
0.6139734049923901,-0.41742761251943883,-1.0274427428099273,1.2357843464014482,0.952777774476165
0.6165585561713054,-0.41742761251943883,0.5931128301714377,-1.2211162829426774,1.030508198695225
0.6191437073502207,-0.41742761251943883,-0.8876504090383718,1.2357843464014482,-1.5345958005337557
0.6217288585291361,-0.41742761251943883,1.6441440803797989,0.007334031729385389,1.263699471352405
0.6243140097080514,-0.41742761251943883,-0.6520744391640839,0.007334031729385389,0.3309343807236848
0.6268991608869667,-0.41742761251943883,0.8286888000457255,-1.2211162829426774,0.020012683847444705
0.6294843120658821,-0.41742761251943883,-0.6883168960678205,-1.2211162829426774,-0.44636986146691543
0.6320694632447974,-0.41742761251943883,-0.21457620939754934,0.007334031729385389,-0.21317858880973536
0.6346546144237127,-0.41742761251943883,-1.4416422502812025,0.007334031729385389,1.030508198695225
0.6372397656026281,-0.41742761251943883,-1.0843951750872276,0.007334031729385389,-0.7572915583431555
0.6398249167815434,-0.41742761251943883,-1.0999276566174003,0.007334031729385389,0.25320395650462474
0.6424100679604586,-0.41742761251943883,-0.18868874018059462,-1.2211162829426774,-1.4568653763146957
0.644995219139374,-0.41742761251943883,1.090152239136968,0.007334031729385389,0.7195865018189849
0.6475803703182893,-0.41742761251943883,1.589780395024194,0.007334031729385389,1.7300820166667652
0.6501655214972046,-0.41742761251943883,-1.1853563050333509,1.2357843464014482,-0.7572915583431555
0.65275067267612,-0.41742761251943883,-0.7685680506403801,0.007334031729385389,-0.9127524067812756
0.6553358238550353,-0.41742761251943883,-0.7918667729356393,1.2357843464014482,0.952777774476165
0.6579209750339506,-0.41742761251943883,0.48956295330361876,-1.2211162829426774,0.17547353228556475
0.660506126212866,-0.41742761251943883,-0.14985753635516255,1.2357843464014482,1.652351592447705
0.6630912773917813,-0.41742761251943883,-1.4235210218293344,-1.2211162829426774,-1.1459436794384557
0.6656764285706966,-0.41742761251943883,-0.861762939821417,-1.2211162829426774,0.952777774476165
0.668261579749612,-0.41742761251943883,1.3257282090112559,-1.2211162829426774,-1.4568653763146957
0.6708467309285273,-0.41742761251943883,-1.5477808740707168,-1.2211162829426774,-0.44636986146691543
0.6734318821074426,-0.41742761251943883,0.01064477278995664,0.007334031729385389,-0.29090901302879535
0.6760170332863579,-0.41742761251943883,0.68889646627417,0.007334031729385389,1.030508198695225
0.6786021844652732,-0.41742761251943883,1.4344555797224656,-1.2211162829426774,0.020012683847444705
0.6811873356441885,-0.41742761251943883,-0.13173630790329427,1.2357843464014482,-0.21317858880973536
0.6837724868231039,-0.41742761251943883,-0.4397971915850553,0.007334031729385389,-1.3791349520956357
0.6863576380020192,-0.41742761251943883,1.2351220667519145,0.007334031729385389,0.25320395650462474
0.6889427891809345,-0.41742761251943883,0.5724028547978739,-1.2211162829426774,0.6418560775999249
0.6915279403598499,-0.41742761251943883,0.4429655087131003,1.2357843464014482,-0.8350219825622155
0.6941130915387652,-0.41742761251943883,-1.6332095224866674,1.2357843464014482,-1.1459436794384557
0.6966982427176805,-0.41742761251943883,1.4758755304695932,0.007334031729385389,-0.44636986146691543
0.6992833938965959,-0.41742761251943883,1.1522821652576594,1.2357843464014482,-0.13544816459067532
0.7018685450755112,-0.41742761251943883,1.633789092693017,-1.2211162829426774,1.1082386229142849
0.7044536962544266,-0.41742761251943883,-0.9031828905685446,1.2357843464014482,-1.3014045278765756
0.7070388474333419,-0.41742761251943883,0.32129440339341314,1.2357843464014482,-0.7572915583431555
0.7096239986122572,-0.41742761251943883,-1.273373700370997,1.2357843464014482,-0.7572915583431555
0.7122091497911724,-0.41742761251943883,0.19962329807372603,0.007334031729385389,0.952777774476165
0.7147943009700878,-0.41742761251943883,-0.9420140943939767,1.2357843464014482,-0.9904828310003355
0.7173794521490031,-0.41742761251943883,-1.4209322749076387,-1.2211162829426774,0.020012683847444705
0.7199646033279185,-0.41742761251943883,0.9296499299918488,-1.2211162829426774,-0.5241002856859754
0.7225497545068338,-0.41742761251943883,0.9917798561125402,-1.2211162829426774,0.8750473502571049
0.7251349056857491,-0.41742761251943883,-0.34660230240401835,0.007334031729385389,-0.8350219825622155
0.7277200568646645,-0.41742761251943883,0.09607342120590719,-1.2211162829426774,-0.6018307099050354
0.7303052080435798,-0.41742761251943883,0.8002125839070753,0.007334031729385389,-0.9904828310003355
0.7328903592224951,-0.41742761251943883,-0.21198746247585387,0.007334031729385389,0.952777774476165
0.7354755104014105,-0.41742761251943883,-0.28706112320502253,0.007334031729385389,0.7195865018189849
0.7380606615803258,-0.41742761251943883,1.3852693882102518,0.007334031729385389,-1.2236741036575156
0.7406458127592411,-0.41742761251943883,-1.1102826443041822,0.007334031729385389,0.6418560775999249
0.7432309639381565,-0.41742761251943883,-1.1879450519550465,0.007334031729385389,1.652351592447705
0.7458161151170718,-0.41742761251943883,-0.4915721300189647,0.007334031729385389,0.6418560775999249
0.748401266295987,-0.41742761251943883,-0.25599616014467685,1.2357843464014482,1.652351592447705
0.7509864174749024,-0.41742761251943883,1.4318668328007702,-1.2211162829426774,-0.7572915583431555
0.7535715686538177,-0.41742761251943883,-0.3699010246992776,0.007334031729385389,-0.6795611341240955
0.756156719832733,-0.41742761251943883,1.457754302017725,-1.2211162829426774,0.25320395650462474
0.7587418710116484,-0.41742761251943883,1.1134509614322272,0.007334031729385389,0.8750473502571049
0.7613270221905637,-0.41742761251943883,-0.646896945320693,0.007334031729385389,1.496890744009585
0.763912173369479,-0.41742761251943883,-0.5226370930793104,1.2357843464014482,-0.5241002856859754
0.7664973245483944,-0.41742761251943883,1.3464381843848197,0.007334031729385389,0.8750473502571049
0.7690824757273097,-0.41742761251943883,-0.421675963133187,1.2357843464014482,-0.29090901302879535
0.771667626906225,-0.41742761251943883,0.5361603978941373,-1.2211162829426774,-0.13544816459067532
0.7742527780851404,-0.41742761251943883,-1.1335813665994416,0.007334031729385389,-1.2236741036575156
0.7768379292640557,-0.41742761251943883,-0.0022989618185207147,0.007334031729385389,-0.6018307099050354
0.779423080442971,-0.41742761251943883,0.7329051639429931,-1.2211162829426774,1.185969047133345
0.7820082316218864,-0.41742761251943883,0.36012560721884523,1.2357843464014482,-0.8350219825622155
0.7845933828008016,-0.41742761251943883,0.09348467428421171,-1.2211162829426774,1.652351592447705
0.7871785339797169,-0.41742761251943883,0.11937214350116643,-1.2211162829426774,0.5641256533808648
0.7897636851586323,-0.41742761251943883,0.782091355455207,1.2357843464014482,-1.2236741036575156
0.7923488363375476,-0.41742761251943883,0.4792079656168369,-1.2211162829426774,1.496890744009585
0.7949339875164629,-0.41742761251943883,1.3775031474451653,1.2357843464014482,1.185969047133345
0.7975191386953783,-0.41742761251943883,0.6422990216836516,-1.2211162829426774,-0.6018307099050354
0.8001042898742936,-0.41742761251943883,-0.01524269642699807,0.007334031729385389,-0.05771774037161531
0.8026894410532089,-0.41742761251943883,-1.3976335526123795,0.007334031729385389,-0.05771774037161531
0.8052745922321243,-0.41742761251943883,0.5568703732677011,1.2357843464014482,-0.9904828310003355
0.8078597434110396,-0.41742761251943883,-1.1076938973824868,0.007334031729385389,1.1082386229142849
0.810444894589955,-0.41742761251943883,-1.0196765020448408,0.007334031729385389,0.020012683847444705
0.8130300457688703,-0.41742761251943883,-0.5096933584708331,1.2357843464014482,-1.0682132552193955
0.8156151969477856,-0.41742761251943883,0.24880948958593999,-1.2211162829426774,-0.05771774037161531
0.8182003481267008,-0.41742761251943883,-0.998966526671277,1.2357843464014482,1.652351592447705
0.8207854993056162,-0.41742761251943883,-1.1672350765814827,1.2357843464014482,-0.21317858880973536
0.8233706504845315,-0.41742761251943883,1.51211798737333,-1.2211162829426774,-0.5241002856859754
0.8259558016634468,-0.41742761251943883,1.6467328273014943,0.007334031729385389,-1.1459436794384557
0.8285409528423622,-0.41742761251943883,0.3937793172008864,-1.2211162829426774,0.4086648049427448
0.8311261040212775,-0.41742761251943883,-1.0222652489665363,0.007334031729385389,1.496890744009585
0.8337112552001928,-0.41742761251943883,-1.097338909695705,-1.2211162829426774,-1.2236741036575156
0.8362964063791082,-0.41742761251943883,1.2920744990292148,-1.2211162829426774,-0.3686394372478554
0.8388815575580235,-0.41742761251943883,0.5025066879120962,-1.2211162829426774,-1.3014045278765756
0.8414667087369389,-0.41742761251943883,-0.08513886331277579,1.2357843464014482,-0.5241002856859754
0.8440518599158542,-0.41742761251943883,1.4551655550960294,1.2357843464014482,-0.5241002856859754
0.8466370110947695,-0.41742761251943883,1.3101957274810831,-1.2211162829426774,-0.29090901302879535
0.8492221622736849,-0.41742761251943883,-1.4131660341425525,1.2357843464014482,-0.9127524067812756
0.8518073134526002,-0.41742761251943883,1.105684720667141,1.2357843464014482,0.09774310806650473
0.8543924646315154,-0.41742761251943883,-1.7031056893724452,1.2357843464014482,-1.6123262247528156
0.8569776158104307,-0.41742761251943883,-0.02042019027038901,-1.2211162829426774,-1.6900566489718758
0.8595627669893461,-0.41742761251943883,0.7795026085335115,-1.2211162829426774,0.952777774476165
0.8621479181682614,-0.41742761251943883,1.6286115988496261,-1.2211162829426774,-0.3686394372478554
0.8647330693471768,-0.41742761251943883,-1.2914949288228652,1.2357843464014482,1.185969047133345
0.8673182205260921,-0.41742761251943883,1.40339061666212,-1.2211162829426774,0.8750473502571049
0.8699033717050074,-0.41742761251943883,-0.47345090156709646,1.2357843464014482,-0.7572915583431555
0.8724885228839228,-0.41742761251943883,1.2946632459509102,-1.2211162829426774,0.6418560775999249
0.8750736740628381,-0.41742761251943883,-0.6572519330074749,1.2357843464014482,0.020012683847444705
0.8776588252417534,-0.41742761251943883,0.8131563185155527,1.2357843464014482,-0.3686394372478554
0.8802439764206688,-0.41742761251943883,-0.8514079521346353,0.007334031729385389,1.4191603197905251
0.8828291275995841,-0.41742761251943883,-1.4002222995340752,1.2357843464014482,-0.21317858880973536
0.8854142787784994,-0.41742761251943883,0.5465153855809192,-1.2211162829426774,0.25320395650462474
0.8879994299574148,-0.41742761251943883,0.4170780394961456,-1.2211162829426774,-0.9127524067812756
0.89058458113633,-0.41742761251943883,1.167814646787832,1.2357843464014482,-0.13544816459067532
0.8931697323152453,-0.41742761251943883,-1.0170877551231454,1.2357843464014482,1.4191603197905251
0.8957548834941607,-0.41742761251943883,0.8338662938891165,-1.2211162829426774,0.8750473502571049
0.898340034673076,-0.41742761251943883,-0.7763342914054665,0.007334031729385389,0.3309343807236848
0.9009251858519913,-0.41742761251943883,-0.7012606306762978,-1.2211162829426774,-0.9127524067812756
0.9035103370309067,-0.41742761251943883,-0.822931735995985,-1.2211162829426774,-0.9127524067812756
0.906095488209822,-0.41742761251943883,1.5328279627468937,-1.2211162829426774,-0.6795611341240955
0.9086806393887373,-0.41742761251943883,0.5335716509724417,-1.2211162829426774,1.185969047133345
0.9112657905676527,-0.41742761251943883,-0.7633905567969892,1.2357843464014482,-1.6123262247528156
0.913850941746568,-0.41742761251943883,1.051321035311536,0.007334031729385389,0.8750473502571049
0.9164360929254833,-0.41742761251943883,0.7950350900636843,1.2357843464014482,-0.6795611341240955
0.9190212441043987,-0.41742761251943883,1.3542044251499061,0.007334031729385389,1.1082386229142849
0.921606395283314,-0.41742761251943883,1.4059793635838156,0.007334031729385389,0.09774310806650473
0.9241915464622293,-0.41742761251943883,0.7562038862382523,1.2357843464014482,0.17547353228556475
0.9267766976411446,-0.41742761251943883,-0.06184014101751655,0.007334031729385389,1.263699471352405
0.9293618488200599,-0.41742761251943883,1.349026931306515,0.007334031729385389,0.020012683847444705
0.9319469999989752,-0.41742761251943883,1.281719511342433,1.2357843464014482,-0.5241002856859754
0.9345321511778906,-0.41742761251943883,-0.10326009176464408,1.2357843464014482,-0.05771774037161531
0.9371173023568059,-0.41742761251943883,0.30835066878493583,1.2357843464014482,0.952777774476165
0.9397024535357212,-0.41742761251943883,-1.2190100150153922,0.007334031729385389,0.7973169260380449
0.9422876047146366,-0.41742761251943883,-1.630620775564972,0.007334031729385389,-0.8350219825622155
0.9448727558935519,-0.41742761251943883,0.09089592736251624,1.2357843464014482,-0.44636986146691543
0.9474579070724672,-0.41742761251943883,-0.41649846928979606,-1.2211162829426774,1.341429895571465
0.9500430582513826,-0.41742761251943883,-1.6228545347998855,-1.2211162829426774,-0.21317858880973536
0.9526282094302979,-0.41742761251943883,-1.6513307509385358,-1.2211162829426774,0.25320395650462474
0.9552133606092132,-0.41742761251943883,0.2462207426642445,-1.2211162829426774,0.09774310806650473
0.9577985117881286,-0.41742761251943883,-0.23787493169280857,0.007334031729385389,-0.5241002856859754
0.9603836629670438,-0.41742761251943883,0.7018402008826474,0.007334031729385389,-0.7572915583431555
0.9629688141459591,-0.41742761251943883,0.00805602586826117,0.007334031729385389,1.7300820166667652
0.9655539653248745,-0.41742761251943883,-1.6953394486073587,1.2357843464014482,-0.13544816459067532
0.9681391165037898,-0.41742761251943883,-1.713460677059227,0.007334031729385389,-1.2236741036575156
0.9707242676827051,-0.41742761251943883,-0.641719451477302,1.2357843464014482,-0.21317858880973536
0.9733094188616205,-0.41742761251943883,-0.0929051040778622,1.2357843464014482,0.48639522916180483
0.9758945700405358,-0.41742761251943883,-0.19386623402398556,1.2357843464014482,0.952777774476165
0.9784797212194511,-0.41742761251943883,-0.48380588925387835,-1.2211162829426774,-1.2236741036575156
0.9810648723983665,-0.41742761251943883,0.787268849298598,-1.2211162829426774,0.7973169260380449
0.9836500235772818,-0.41742761251943883,0.07795219275403889,1.2357843464014482,1.1082386229142849
0.9862351747561972,-0.41742761251943883,-1.239719990388956,-1.2211162829426774,1.1082386229142849
0.9888203259351125,-0.41742761251943883,-0.5821782722783062,1.2357843464014482,-0.6795611341240955
0.9914054771140278,-0.41742761251943883,0.8830524854013304,0.007334031729385389,0.25320395650462474
0.9939906282929432,-0.41742761251943883,0.2902294403330675,-1.2211162829426774,-0.3686394372478554
0.9965757794718584,-0.41742761251943883,-0.8954166498034583,1.2357843464014482,-1.3791349520956357
0.9991609306507737,-0.41742761251943883,-0.4605071669586191,0.007334031729385389,-0.44636986146691543
1.001746081829689,-0.41742761251943883,0.5128616755988781,0.007334031729385389,0.5641256533808648
1.0043312330086045,-0.41742761251943883,-1.2086550273286103,0.007334031729385389,0.09774310806650473
1.0069163841875197,-0.41742761251943883,0.08054093967573436,1.2357843464014482,-0.8350219825622155
1.0095015353664352,-0.41742761251943883,0.07536344583234342,1.2357843464014482,-1.2236741036575156
1.0120866865453504,-0.41742761251943883,0.35753686029714976,-1.2211162829426774,-0.9127524067812756
1.0146718377242656,-0.41742761251943883,-0.49674962386235566,0.007334031729385389,-1.2236741036575156
1.017256988903181,-0.41742761251943883,1.2998407397943013,1.2357843464014482,1.574621168228645
1.0198421400820963,-0.41742761251943883,0.5076841817554871,0.007334031729385389,1.574621168228645
1.0224272912610117,-0.41742761251943883,-1.2423087373106514,0.007334031729385389,1.341429895571465
1.025012442439927,-0.41742761251943883,1.6053128765543667,-1.2211162829426774,0.020012683847444705
1.0275975936188424,-0.41742761251943883,1.1704033937095277,-1.2211162829426774,-0.5241002856859754
1.0301827447977576,-0.41742761251943883,0.6526540093704335,-1.2211162829426774,1.4191603197905251
1.032767895976673,-0.41742761251943883,0.41190054565275463,0.007334031729385389,0.48639522916180483
1.0353530471555883,-0.41742761251943883,-0.9886115389844952,0.007334031729385389,-1.3014045278765756
1.0379381983345037,-0.41742761251943883,-0.7167931122064707,1.2357843464014482,1.263699471352405
1.040523349513419,-0.41742761251943883,-0.4889833830972693,-1.2211162829426774,0.3309343807236848
1.0431085006923344,-0.41742761251943883,0.743260151629775,-1.2211162829426774,1.496890744009585
1.0456936518712496,-0.41742761251943883,0.03653224200691135,-1.2211162829426774,-0.6795611341240955
1.048278803050165,-0.41742761251943883,1.6363778396147124,1.2357843464014482,-1.5345958005337557
1.0508639542290803,-0.41742761251943883,-1.2992611695879517,-1.2211162829426774,0.3309343807236848
1.0534491054079955,-0.41742761251943883,-0.965312816689236,1.2357843464014482,-0.5241002856859754
1.056034256586911,-0.41742761251943883,0.9736586276606719,1.2357843464014482,0.952777774476165
1.0586194077658262,-0.41742761251943883,-0.3724897716209731,-1.2211162829426774,1.496890744009585
1.0612045589447416,-0.41742761251943883,0.96330363997389,0.007334031729385389,0.7973169260380449
1.0637897101236569,-0.41742761251943883,-1.679806967077186,0.007334031729385389,1.185969047133345
1.0663748613025723,-0.41742761251943883,-0.054073900252430133,0.007334031729385389,-0.44636986146691543
1.0689600124814875,-0.41742761251943883,-1.130992619677746,1.2357843464014482,-1.1459436794384557
1.071545163660403,-0.41742761251943883,-0.47603964848879193,0.007334031729385389,1.263699471352405
1.0741303148393182,-0.41742761251943883,1.1574596591010504,-1.2211162829426774,-1.5345958005337557
1.0767154660182336,-0.41742761251943883,-0.22234245016263576,1.2357843464014482,-0.8350219825622155
1.0793006171971489,-0.41742761251943883,1.3179619682461696,-1.2211162829426774,0.7195865018189849
1.0818857683760643,-0.41742761251943883,-0.3414248085606274,0.007334031729385389,-1.4568653763146957
1.0844709195549795,-0.41742761251943883,-0.6002995007301746,1.2357843464014482,1.185969047133345
1.0870560707338948,-0.41742761251943883,-1.6849844609205769,1.2357843464014482,-0.29090901302879535
1.0896412219128102,-0.41742761251943883,1.0357885537813631,0.007334031729385389,-1.6123262247528156
1.0922263730917254,-0.41742761251943883,-1.3070274103530382,0.007334031729385389,-0.3686394372478554
1.0948115242706409,-0.41742761251943883,1.4914080119997661,0.007334031729385389,-1.4568653763146957
1.097396675449556,-0.41742761251943883,-1.493417188715112,-1.2211162829426774,-1.3791349520956357
1.0999818266284715,-0.41742761251943883,1.1988796098481778,0.007334031729385389,-1.3014045278765756
1.1025669778073868,-0.41742761251943883,1.1626371529444413,-1.2211162829426774,-1.0682132552193955
1.1051521289863022,-0.41742761251943883,0.5853465894063512,1.2357843464014482,0.3309343807236848
1.1077372801652174,-0.41742761251943883,0.4222555333395365,0.007334031729385389,1.4191603197905251
1.1103224313441329,-0.41742761251943883,-0.033363924878866365,0.007334031729385389,-0.5241002856859754
1.1129075825230481,-0.41742761251943883,-0.9782565512977133,1.2357843464014482,-0.7572915583431555
1.1154927337019636,-0.41742761251943883,0.20738953883881245,-1.2211162829426774,1.185969047133345
1.1180778848808788,-0.41742761251943883,-1.405399793377466,1.2357843464014482,-1.2236741036575156
1.120663036059794,-0.41742761251943883,-1.4286985156727252,-1.2211162829426774,-1.5345958005337557
1.1232481872387095,-0.41742761251943883,0.023588507398433996,1.2357843464014482,-0.05771774037161531
1.1258333384176247,-0.41742761251943883,-1.0507414651051865,1.2357843464014482,0.17547353228556475
1.1284184895965401,-0.41742761251943883,-0.7711567975620756,0.007334031729385389,-0.6795611341240955
1.1310036407754553,-0.41742761251943883,-0.38284475930775497,-1.2211162829426774,-0.21317858880973536
1.1335887919543708,-0.41742761251943883,-0.1912774871022901,-1.2211162829426774,1.7300820166667652
1.136173943133286,-0.41742761251943883,-0.470862154645401,0.007334031729385389,-1.1459436794384557
1.1387590943122015,-0.41742761251943883,-1.6021445594263217,1.2357843464014482,-1.2236741036575156
1.1413442454911167,-0.41742761251943883,-1.690161954763968,-1.2211162829426774,1.4191603197905251
1.1439293966700321,-0.41742761251943883,1.54059420351198,1.2357843464014482,-0.21317858880973536
1.1465145478489474,-0.41742761251943883,1.5250617219818072,0.007334031729385389,0.09774310806650473
1.1490996990278628,-0.41742761251943883,1.227355825986828,-1.2211162829426774,0.5641256533808648
1.151684850206778,-0.41742761251943883,0.7924463431419889,-1.2211162829426774,1.185969047133345
1.1542700013856935,-0.41742761251943883,-0.3906110000728414,0.007334031729385389,-1.6900566489718758
1.1568551525646087,-0.41742761251943883,-0.056662647174125606,1.2357843464014482,-0.21317858880973536
1.159440303743524,-0.41742761251943883,-0.6831394022244296,0.007334031729385389,0.3309343807236848
1.1620254549224394,-0.41742761251943883,-1.3406811203350792,1.2357843464014482,-1.0682132552193955
1.1646106061013546,-0.41742761251943883,-0.01783144334869354,-1.2211162829426774,1.030508198695225
1.16719575728027,-0.41742761251943883,-1.2474862311540422,-1.2211162829426774,0.020012683847444705
1.1697809084591853,-0.41742761251943883,0.17632457577846677,0.007334031729385389,0.020012683847444705
1.1723660596381007,-0.41742761251943883,-0.4320309508199689,0.007334031729385389,-0.7572915583431555
1.174951210817016,-0.41742761251943883,-1.1051051504607914,0.007334031729385389,-1.4568653763146957
1.1775363619959314,-0.41742761251943883,0.9866023622691492,-1.2211162829426774,0.5641256533808648
1.1801215131748466,-0.41742761251943883,1.6156678642411486,0.007334031729385389,-1.2236741036575156
1.182706664353762,-0.41742761251943883,-0.377667265464364,-1.2211162829426774,0.25320395650462474
1.1852918155326773,-0.41742761251943883,1.7088627534221856,1.2357843464014482,0.48639522916180483
1.1878769667115927,-0.41742761251943883,0.6552427562921289,0.007334031729385389,0.4086648049427448
1.190462117890508,-0.41742761251943883,1.3438494374631242,1.2357843464014482,0.4086648049427448
1.1930472690694232,-0.41742761251943883,-1.7264044116677044,0.007334031729385389,-1.1459436794384557
1.1956324202483386,-0.41742761251943883,1.271364523655651,-1.2211162829426774,-0.3686394372478554
1.1982175714272538,-0.41742761251943883,-1.3588023487869476,0.007334031729385389,1.1082386229142849
1.2008027226061693,-0.41742761251943883,0.5516928794243101,1.2357843464014482,0.8750473502571049
1.2033878737850845,-0.41742761251943883,-0.15762377712024897,-1.2211162829426774,-0.3686394372478554
1.205973024964,-0.41742761251943883,-1.3380923734133838,1.2357843464014482,1.652351592447705
1.2085581761429152,-0.41742761251943883,-0.16797876480703086,-1.2211162829426774,0.3309343807236848
1.2111433273218306,-0.41742761251943883,0.2824631995679811,-1.2211162829426774,-1.3014045278765756
1.2137284785007458,-0.41742761251943883,0.4455542556347958,0.007334031729385389,-0.6795611341240955
1.2163136296796613,-0.41742761251943883,0.8079788246721618,0.007334031729385389,1.185969047133345
1.2188987808585765,-0.41742761251943883,-1.5193046579320668,0.007334031729385389,-1.1459436794384557
1.221483932037492,-0.41742761251943883,0.23586575497746262,0.007334031729385389,-0.5241002856859754
1.2240690832164072,-0.41742761251943883,0.5775803486412648,1.2357843464014482,1.574621168228645
1.2266542343953226,-0.41742761251943883,0.8364550408108119,0.007334031729385389,-0.9904828310003355
1.2292393855742378,-0.41742761251943883,0.27987445264628563,1.2357843464014482,-0.29090901302879535
1.231824536753153,0.9127816639991059,-1.0559189589485773,-1.2211162829426774,1.574621168228645
1.2344096879320685,0.9127816639991059,-1.361391095708643,0.007334031729385389,-0.7572915583431555
1.2369948391109837,0.9127816639991059,0.2539869834293309,-1.2211162829426774,0.17547353228556475
1.2395799902898992,0.9127816639991059,1.5380054565902845,0.007334031729385389,1.263699471352405
1.2421651414688144,0.9127816639991059,1.1859358752397005,1.2357843464014482,-1.2236741036575156
1.2447502926477299,0.9127816639991059,0.11678339657947095,-1.2211162829426774,-1.0682132552193955
1.247335443826645,0.9127816639991059,-1.0144990082014498,0.007334031729385389,-0.9127524067812756
1.2499205950055605,0.9127816639991059,-0.010065202583607128,-1.2211162829426774,-0.05771774037161531
1.2525057461844757,0.9127816639991059,-1.6073220532697128,-1.2211162829426774,-1.1459436794384557
1.2550908973633912,0.9127816639991059,0.6397102747619561,-1.2211162829426774,1.263699471352405
1.2576760485423064,0.9127816639991059,0.6733639847439973,0.007334031729385389,-0.9127524067812756
1.2602611997212219,0.9127816639991059,1.5871916481024986,-1.2211162829426774,1.185969047133345
1.262846350900137,0.9127816639991059,0.2177445265255943,-1.2211162829426774,-0.29090901302879535
1.2654315020790523,0.9127816639991059,-1.0610964527919684,-1.2211162829426774,-0.21317858880973536
1.2680166532579678,0.9127816639991059,-0.5485245622962651,0.007334031729385389,0.3309343807236848
1.270601804436883,0.9127816639991059,0.7096064416477338,-1.2211162829426774,0.3309343807236848
1.2731869556157984,0.9127816639991059,-0.828109229839376,0.007334031729385389,-0.5241002856859754
1.2757721067947136,0.9127816639991059,1.061676022998318,0.007334031729385389,0.09774310806650473
1.278357257973629,0.9127816639991059,-0.12655881405990332,0.007334031729385389,-0.29090901302879535
1.2809424091525443,0.9127816639991059,1.315373221324474,-1.2211162829426774,1.4191603197905251
1.2835275603314598,0.9127816639991059,-0.07478387562599391,0.007334031729385389,-0.8350219825622155
1.286112711510375,0.9127816639991059,1.0331998068596677,0.007334031729385389,-1.6900566489718758
1.2886978626892904,0.9127816639991059,0.7639701270033387,-1.2211162829426774,-0.9127524067812756
1.2912830138682057,0.9127816639991059,-0.734914340658339,0.007334031729385389,0.5641256533808648
1.293868165047121,0.9127816639991059,1.6648540557533626,0.007334031729385389,1.496890744009585
1.2964533162260363,0.9127816639991059,0.8183338123589436,-1.2211162829426774,-0.3686394372478554
1.2990384674049515,0.9127816639991059,0.4507317494781867,-1.2211162829426774,-1.6900566489718758
1.301623618583867,0.9127816639991059,-0.9471915882373676,1.2357843464014482,-1.0682132552193955
1.3042087697627822,0.9127816639991059,1.3878581351319472,1.2357843464014482,-1.3014045278765756
1.3067939209416977,0.9127816639991059,-0.8255204829176805,1.2357843464014482,-1.6900566489718758
1.3093790721206129,0.9127816639991059,-1.146525101207919,0.007334031729385389,-0.9127524067812756
1.3119642232995283,0.9127816639991059,-1.3536248549435566,-1.2211162829426774,1.263699471352405
1.3145493744784436,0.9127816639991059,0.6215890463100878,0.007334031729385389,-0.44636986146691543
1.317134525657359,0.9127816639991059,1.5664816727289348,-1.2211162829426774,0.020012683847444705
1.3197196768362742,0.9127816639991059,-0.15244628327685802,1.2357843464014482,-1.1459436794384557
1.3223048280151897,0.9127816639991059,0.6474765155270426,1.2357843464014482,1.7300820166667652
1.324889979194105,0.9127816639991059,-0.784100532170553,1.2357843464014482,1.341429895571465
1.3274751303730203,0.9127816639991059,1.1315721898840956,0.007334031729385389,-1.1459436794384557
1.3300602815519356,0.9127816639991059,0.8105675715938572,1.2357843464014482,-0.29090901302879535
1.332645432730851,0.9127816639991059,-1.5840233309744536,0.007334031729385389,0.3309343807236848
1.3352305839097662,0.9127816639991059,1.7036852595787948,0.007334031729385389,1.030508198695225
1.3378157350886815,0.9127816639991059,-1.0740401874004457,0.007334031729385389,-1.2236741036575156
1.340400886267597,0.9127816639991059,0.18150206962185772,1.2357843464014482,-0.05771774037161531
1.3429860374465121,0.9127816639991059,-0.31553733934367273,0.007334031729385389,0.5641256533808648
1.3455711886254276,0.9127816639991059,0.6164115524666969,0.007334031729385389,-1.6900566489718758
1.3481563398043428,0.9127816639991059,-1.1957112927201328,0.007334031729385389,0.6418560775999249
1.3507414909832582,0.9127816639991059,-1.0041440205146681,0.007334031729385389,-0.8350219825622155
1.3533266421621735,0.9127816639991059,-1.2138325211720011,1.2357843464014482,-1.2236741036575156
1.355911793341089,0.9127816639991059,0.4766192186951414,1.2357843464014482,-0.7572915583431555
1.3584969445200041,0.9127816639991059,1.2221783321434372,-1.2211162829426774,-0.6018307099050354
1.3610820956989196,0.9127816639991059,0.1582033473265985,1.2357843464014482,-1.2236741036575156
1.3636672468778348,0.9127816639991059,0.474030471773446,1.2357843464014482,1.185969047133345
1.3662523980567503,0.9127816639991059,-0.8306979767610715,1.2357843464014482,1.1082386229142849
1.3688375492356655,0.9127816639991059,0.6785414785873881,1.2357843464014482,0.09774310806650473
1.3714227004145807,0.9127816639991059,-1.6435645101734493,-1.2211162829426774,1.496890744009585
1.3740078515934961,0.9127816639991059,1.2040571036915688,0.007334031729385389,-0.5241002856859754
1.3765930027724114,0.9127816639991059,0.25916447727272185,1.2357843464014482,-0.44636986146691543
1.3791781539513268,0.9127816639991059,1.5431829504336756,1.2357843464014482,0.7973169260380449
1.381763305130242,0.9127816639991059,-1.586612077896149,0.007334031729385389,-0.6018307099050354
1.3843484563091575,0.9127816639991059,0.044298482771997764,-1.2211162829426774,-0.5241002856859754
1.3869336074880727,0.9127816639991059,1.0409660476247542,0.007334031729385389,1.652351592447705
1.3895187586669882,0.9127816639991059,1.0772085045284907,0.007334031729385389,-1.3791349520956357
1.3921039098459034,0.9127816639991059,0.22033327344728978,0.007334031729385389,-0.05771774037161531
1.3946890610248188,0.9127816639991059,0.9788361215040629,1.2357843464014482,0.25320395650462474
1.397274212203734,0.9127816639991059,-1.527070898697153,1.2357843464014482,0.48639522916180483
1.3998593633826495,0.9127816639991059,0.12972713118794832,-1.2211162829426774,-0.9127524067812756
1.4024445145615647,0.9127816639991059,-0.5847670192000017,-1.2211162829426774,-0.29090901302879535
1.40502966574048,0.9127816639991059,-1.2267762557804784,1.2357843464014482,0.6418560775999249
1.4076148169193954,0.9127816639991059,0.41966678641784105,-1.2211162829426774,-1.1459436794384557
1.4101999680983106,0.9127816639991059,1.7321614757174448,-1.2211162829426774,-1.4568653763146957
1.412785119277226,0.9127816639991059,0.3627143541405407,1.2357843464014482,-0.05771774037161531
1.4153702704561413,0.9127816639991059,0.8778749915579395,1.2357843464014482,-1.4568653763146957
1.4179554216350567,0.9127816639991059,-1.2448974842323468,1.2357843464014482,1.7300820166667652
1.420540572813972,0.9127816639991059,-1.3225598918832109,0.007334031729385389,-1.3014045278765756
1.4231257239928874,0.9127816639991059,1.5587154319638483,1.2357843464014482,-0.5241002856859754
1.4257108751718026,0.9127816639991059,-1.0792176812438368,0.007334031729385389,-0.7572915583431555
1.428296026350718,0.9127816639991059,1.3567931720716015,0.007334031729385389,1.652351592447705
1.4308811775296333,0.9127816639991059,1.5768366604157167,1.2357843464014482,-0.21317858880973536
1.4334663287085487,0.9127816639991059,-1.3303261326482974,1.2357843464014482,0.952777774476165
1.436051479887464,0.9127816639991059,-1.0067327674363635,-1.2211162829426774,-1.2236741036575156
1.4386366310663794,0.9127816639991059,1.232533319830219,0.007334031729385389,-1.6123262247528156
1.4412217822452946,0.9127816639991059,-1.0015552735929725,0.007334031729385389,-0.6018307099050354
1.4438069334242098,0.9127816639991059,-0.1731562586504218,0.007334031729385389,-1.6123262247528156
1.4463920846031253,0.9127816639991059,1.7062740065004902,0.007334031729385389,-0.6018307099050354
1.4489772357820405,0.9127816639991059,-1.0119102612797544,0.007334031729385389,-0.8350219825622155
1.451562386960956,0.9127816639991059,-1.1128713912258779,0.007334031729385389,0.7973169260380449
1.4541475381398712,0.9127816639991059,-1.1542913419730054,-1.2211162829426774,1.574621168228645
1.4567326893187866,0.9127816639991059,-1.4183435279859433,-1.2211162829426774,1.341429895571465
1.4593178404977019,0.9127816639991059,0.12454963734455736,-1.2211162829426774,1.496890744009585
1.4619029916766173,0.9127816639991059,-0.5459358153745696,1.2357843464014482,1.7300820166667652
1.4644881428555325,0.9127816639991059,-0.28447237628332706,1.2357843464014482,0.6418560775999249
1.467073294034448,0.9127816639991059,0.10642840889268906,-1.2211162829426774,0.952777774476165
1.4696584452133632,0.9127816639991059,-0.3621347839341912,1.2357843464014482,-1.3014045278765756
1.4722435963922786,0.9127816639991059,1.5613041788855437,-1.2211162829426774,-1.5345958005337557
1.4748287475711939,0.9127816639991059,1.2506545482820872,0.007334031729385389,0.4086648049427448
1.477413898750109,0.9127816639991059,-0.5951220068867836,-1.2211162829426774,1.496890744009585
1.4799990499290245,0.9127816639991059,1.4292780858790748,1.2357843464014482,0.4086648049427448
1.4825842011079398,0.9127816639991059,1.418923098192293,-1.2211162829426774,1.652351592447705
1.4851693522868552,0.9127816639991059,-0.7608018098752938,1.2357843464014482,1.1082386229142849
1.4877545034657704,0.9127816639991059,1.2170008383000461,-1.2211162829426774,-0.29090901302879535
1.4903396546446859,0.9127816639991059,0.22551076729068073,1.2357843464014482,-0.44636986146691543
1.492924805823601,0.9127816639991059,-1.2630187126842152,1.2357843464014482,-0.5241002856859754
1.4955099570025165,0.9127816639991059,0.5982903240148285,0.007334031729385389,-1.5345958005337557
1.4980951081814318,0.9127816639991059,-0.7245593529715572,-1.2211162829426774,-0.05771774037161531
1.5006802593603472,0.9127816639991059,0.33941563184528145,-1.2211162829426774,0.7973169260380449
1.5032654105392624,0.9127816639991059,0.8726974977145485,0.007334031729385389,1.185969047133345
1.5058505617181779,0.9127816639991059,0.42743302718292747,1.2357843464014482,0.3309343807236848
1.508435712897093,0.9127816639991059,1.3231394620895605,1.2357843464014482,-1.3014045278765756
1.5110208640760086,0.9127816639991059,0.3911905702791909,-1.2211162829426774,1.263699471352405
1.5136060152549238,0.9127816639991059,-1.6979281955290542,-1.2211162829426774,-0.44636986146691543
1.516191166433839,0.9127816639991059,-0.5795895253566108,0.007334031729385389,-1.1459436794384557
1.5187763176127544,0.9127816639991059,-1.5943783186612355,0.007334031729385389,-0.9127524067812756
1.5213614687916697,0.9127816639991059,-1.009321514358059,0.007334031729385389,-0.8350219825622155
1.5239466199705851,0.9127816639991059,1.330905702854647,1.2357843464014482,-1.6123262247528156
1.5265317711495003,0.9127816639991059,-1.6565082447819266,1.2357843464014482,-1.3014045278765756
1.5291169223284158,0.9127816639991059,1.0746197576067953,1.2357843464014482,1.4191603197905251
1.531702073507331,0.9127816639991059,-1.4519972379679844,1.2357843464014482,-0.9127524067812756
1.5342872246862465,0.9127816639991059,1.3671481597583834,-1.2211162829426774,-1.0682132552193955
1.5368723758651617,0.9127816639991059,-0.5174595992359194,0.007334031729385389,-1.1459436794384557
1.5394575270440771,0.9127816639991059,0.3549481133754543,-1.2211162829426774,0.5641256533808648
1.5420426782229923,0.9127816639991059,0.8493987754192892,-1.2211162829426774,1.185969047133345
1.5446278294019078,0.9127816639991059,1.0849747452935772,0.007334031729385389,0.09774310806650473
1.547212980580823,0.9127816639991059,0.10125091504929813,-1.2211162829426774,0.25320395650462474
1.5497981317597382,0.9127816639991059,-0.9057716374902401,-1.2211162829426774,1.341429895571465
1.5523832829386537,0.9127816639991059,-1.1206376319909641,1.2357843464014482,0.3309343807236848
1.554968434117569,0.9127816639991059,-0.16280127096363992,-1.2211162829426774,1.4191603197905251
1.5575535852964844,0.9127816639991059,-0.9135378782553265,-1.2211162829426774,1.4191603197905251
1.5601387364753996,0.9127816639991059,0.5646366140327874,-1.2211162829426774,-0.5241002856859754
1.562723887654315,0.9127816639991059,-1.1931225457984374,1.2357843464014482,-1.3014045278765756
1.5653090388332302,0.9127816639991059,0.9658923868955854,0.007334031729385389,-0.29090901302879535
1.5678941900121457,0.9127816639991059,-0.9523690820807585,0.007334031729385389,0.48639522916180483
1.570479341191061,0.9127816639991059,0.8882299792447214,0.007334031729385389,-0.44636986146691543
1.5730644923699764,0.9127816639991059,1.6312003457713216,0.007334031729385389,-0.6018307099050354
1.5756496435488916,0.9127816639991059,-0.5433470684528742,1.2357843464014482,1.652351592447705
1.578234794727807,0.9127816639991059,-0.07996136946938484,1.2357843464014482,-0.44636986146691543
1.5808199459067223,0.9127816639991059,1.3076069805593877,-1.2211162829426774,1.574621168228645
1.5834050970856375,0.9127816639991059,-0.10067134484294861,0.007334031729385389,-0.9904828310003355
1.585990248264553,0.9127816639991059,1.4163343512705975,1.2357843464014482,-1.5345958005337557
1.5885753994434682,0.9127816639991059,0.05983096430217059,-1.2211162829426774,0.3309343807236848
1.5911605506223836,0.9127816639991059,-1.3950448056906841,0.007334031729385389,-0.44636986146691543
1.5937457018012988,0.9127816639991059,-1.4079885402991614,-1.2211162829426774,1.652351592447705
1.5963308529802143,0.9127816639991059,0.37565808874901807,-1.2211162829426774,1.185969047133345
1.5989160041591295,0.9127816639991059,1.579425407337412,1.2357843464014482,-1.6123262247528156
1.601501155338045,0.9127816639991059,1.305018233637692,-1.2211162829426774,-1.4568653763146957
1.6040863065169602,0.9127816639991059,1.6881527780486218,0.007334031729385389,-0.8350219825622155
1.6066714576958756,0.9127816639991059,-1.3743348303171203,-1.2211162829426774,1.030508198695225
1.6092566088747908,0.9127816639991059,0.82610005312403,-1.2211162829426774,-0.8350219825622155
1.6118417600537063,0.9127816639991059,1.4473993143309432,1.2357843464014482,1.030508198695225
1.6144269112326215,0.9127816639991059,-0.09031635715616673,0.007334031729385389,-0.6795611341240955
1.617012062411537,0.9127816639991059,0.2565757303510264,-1.2211162829426774,0.25320395650462474
1.6195972135904522,0.9127816639991059,0.05724221738047512,-1.2211162829426774,1.263699471352405
1.6221823647693674,0.9127816639991059,0.09866216812760266,-1.2211162829426774,0.48639522916180483
1.6247675159482828,0.9127816639991059,0.37824683567071354,-1.2211162829426774,-0.8350219825622155
1.627352667127198,0.9127816639991059,-0.4087322285247097,1.2357843464014482,-1.3791349520956357
1.6299378183061135,0.9127816639991059,-1.0429752243401,-1.2211162829426774,-0.9904828310003355
1.6325229694850287,0.9127816639991059,-0.028186431035475426,0.007334031729385389,1.1082386229142849
1.6351081206639442,0.9127816639991059,0.49215170022531424,-1.2211162829426774,1.574621168228645
1.6376932718428594,0.9127816639991059,-0.7815117852488574,0.007334031729385389,1.263699471352405
1.6402784230217748,0.9127816639991059,-1.0248539958882317,0.007334031729385389,1.1082386229142849
1.64286357420069,0.9127816639991059,1.2144120913783507,-1.2211162829426774,0.6418560775999249
1.6454487253796055,0.9127816639991059,-0.9368366005505857,0.007334031729385389,-0.21317858880973536
1.6480338765585207,0.9127816639991059,-1.2940836757445608,0.007334031729385389,1.030508198695225
1.6506190277374362,0.9127816639991059,1.716628994187272,-1.2211162829426774,-1.3791349520956357
1.6532041789163514,0.9127816639991059,1.5043517466082434,1.2357843464014482,-1.6123262247528156
1.6557893300952666,0.9127816639991059,-1.3898673118472933,0.007334031729385389,0.25320395650462474
1.658374481274182,0.9127816639991059,1.468109289704507,0.007334031729385389,1.7300820166667652
1.6609596324530973,0.9127816639991059,0.606056564779915,0.007334031729385389,-0.3686394372478554
1.6635447836320127,0.9127816639991059,0.7173726824128203,0.007334031729385389,1.4191603197905251
1.666129934810928,0.9127816639991059,-0.26635114783145875,-1.2211162829426774,0.020012683847444705
1.6687150859898434,0.9127816639991059,-1.5322483925405441,-1.2211162829426774,-1.5345958005337557
1.6713002371687586,0.9127816639991059,-0.04113016564395278,0.007334031729385389,0.5641256533808648
1.673885388347674,0.9127816639991059,-0.4863946361755738,1.2357843464014482,0.17547353228556475
1.6764705395265893,0.9127816639991059,-0.44756343235014173,1.2357843464014482,0.952777774476165
1.6790556907055048,0.9127816639991059,-0.4812171423321829,1.2357843464014482,0.6418560775999249
1.68164084188442,0.9127816639991059,1.530239215825198,0.007334031729385389,-1.3014045278765756
1.6842259930633354,0.9127816639991059,-1.0403864774184046,1.2357843464014482,1.263699471352405
1.6868111442422506,0.9127816639991059,-0.3595460370124957,1.2357843464014482,-0.9127524067812756
1.6893962954211659,0.9127816639991059,-0.4009659877596233,-1.2211162829426774,-1.4568653763146957
1.6919814466000813,0.9127816639991059,-0.24822991937959046,1.2357843464014482,-1.3014045278765756
1.6945665977789965,0.9127816639991059,-0.8099880013875077,-1.2211162829426774,0.6418560775999249
1.697151748957912,0.9127816639991059,0.9270611830701534,0.007334031729385389,1.341429895571465
1.6997369001368272,0.9127816639991059,-0.03595267180056184,0.007334031729385389,-0.05771774037161531
1.7023220513157427,0.9127816639991059,-1.1698238235031782,-1.2211162829426774,0.6418560775999249
1.7049072024946579,0.9127816639991059,-1.6280320286432766,0.007334031729385389,1.263699471352405
1.7074923536735733,0.9127816639991059,0.24363199574254904,1.2357843464014482,1.263699471352405
1.7100775048524886,0.9127816639991059,0.8028013308287708,0.007334031729385389,-0.44636986146691543
1.712662656031404,0.9127816639991059,0.19444580423033508,-1.2211162829426774,-0.44636986146691543
1.7152478072103192,0.9127816639991059,0.7251389231779066,-1.2211162829426774,-1.6900566489718758
1.7178329583892347,0.9127816639991059,1.4836417712346797,-1.2211162829426774,1.341429895571465
1.72041810956815,0.9127816639991059,-1.6823957139988814,0.007334031729385389,-1.5345958005337557
1.7230032607470653,0.9127816639991059,0.18667956346524867,-1.2211162829426774,-0.21317858880973536
1.7255884119259806,0.9127816639991059,-0.3000048578134999,0.007334031729385389,-1.1459436794384557
1.7281735631048958,0.9127816639991059,1.5923691419458894,-1.2211162829426774,0.7195865018189849
1.7307587142838112,0.9127816639991059,0.8856412323230258,0.007334031729385389,-0.6018307099050354
